time,phase,lat,lon,alt,vel_x,vel_y,vel_z,vel_mag,qx,qy,qz,qw
0.0,ASCENT,0.0,0.0,35.0100587150082,0.2011743008006861,0.0,0.0,0.2011743008006861,0.0,0.0,1.0,0.0
0.05,ASCENT,0.0,0.0,35.03018480911851,0.40252187624609936,0.0,0.0,0.40252187624609936,0.0,0.0,1.0,0.0
0.1,ASCENT,0.0,0.0,35.06038694828749,0.6040427904401031,0.0,0.0,0.6040427904401031,0.0,0.0,1.0,0.0
0.15,ASCENT,0.0,0.0,35.100673804059625,0.8057371074726131,0.0,0.0,0.8057371074726131,0.0,0.0,1.0,0.0
0.2,ASCENT,0.0,0.0,35.15105404891074,1.0076048914196711,0.0,0.0,1.0076048914196711,0.0,0.0,1.0,0.0
0.25,ASCENT,0.0,0.0,35.21153635904193,1.209646206343521,0.0,0.0,1.209646206343521,0.0,0.0,1.0,0.0
0.3,ASCENT,0.0,0.0,35.28212941531092,1.4118611162926835,0.0,0.0,1.4118611162926835,0.0,0.0,1.0,0.0
0.35,ASCENT,0.0,0.0,35.36284189950675,1.6142496853020354,0.0,0.0,1.6142496853020354,0.0,0.0,1.0,0.0
0.4,ASCENT,0.0,0.0,35.45368249807507,1.8168119773928857,0.0,0.0,1.8168119773928857,0.0,0.0,1.0,0.0
0.45,ASCENT,0.0,0.0,35.554659901186824,2.019548056573057,0.0,0.0,2.019548056573057,0.0,0.0,1.0,0.0
0.5,ASCENT,0.0,0.0,35.665782800875604,2.2224579868369636,0.0,0.0,2.2224579868369636,0.0,0.0,1.0,0.0
0.55,ASCENT,0.0,0.0,35.78705989290029,2.425541832165696,0.0,0.0,2.425541832165696,0.0,0.0,1.0,0.0
0.6,ASCENT,0.0,0.0,35.91849987581372,2.6287996565270997,0.0,0.0,2.6287996565270997,0.0,0.0,1.0,0.0
0.65,ASCENT,0.0,0.0,36.060111451894045,2.8322315238758615,0.0,0.0,2.8322315238758615,0.0,0.0,1.0,0.0
0.7,ASCENT,0.0,0.0,36.21190332714468,3.0358374981535925,0.0,0.0,3.0358374981535925,0.0,0.0,1.0,0.0
0.75,ASCENT,0.0,0.0,36.37388420943171,3.2396176432889146,0.0,0.0,3.2396176432889146,0.0,0.0,1.0,0.0
0.8,ASCENT,0.0,0.0,36.546062810346484,3.443572023197546,0.0,0.0,3.443572023197546,0.0,0.0,1.0,0.0
0.85,ASCENT,0.0,0.0,36.728447845205665,3.647700701782391,0.0,0.0,3.647700701782391,0.0,0.0,1.0,0.0
0.9,ASCENT,0.0,0.0,36.92104803211987,3.852003742933625,0.0,0.0,3.852003742933625,0.0,0.0,1.0,0.0
0.95,ASCENT,0.0,0.0,37.12387209292501,4.05648121052879,0.0,0.0,4.05648121052879,0.0,0.0,1.0,0.0
1.0,ASCENT,0.0,0.0,37.33692875131965,4.261133168432878,0.0,0.0,4.261133168432878,0.0,0.0,1.0,0.0
1.05,ASCENT,0.0,0.0,37.560226735658944,4.465959680498432,0.0,0.0,4.465959680498432,0.0,0.0,1.0,0.0
1.1,ASCENT,0.0,0.0,37.79377477616072,4.67096081056563,0.0,0.0,4.67096081056563,0.0,0.0,1.0,0.0
1.15,ASCENT,0.0,0.0,38.037581607699394,4.876136622462385,0.0,0.0,4.876136622462385,0.0,0.0,1.0,0.0
1.2,ASCENT,0.0,0.0,38.29165596701205,5.081487180004439,0.0,0.0,5.081487180004439,0.0,0.0,1.0,0.0
1.25,ASCENT,0.0,0.0,38.55600659456104,5.287012546995458,0.0,0.0,5.287012546995458,0.0,0.0,1.0,0.0
1.3,ASCENT,0.0,0.0,38.8306422336027,5.492712787227128,0.0,0.0,5.492712787227128,0.0,0.0,1.0,0.0
1.35,ASCENT,0.0,0.0,39.11557163204998,5.698587964479259,0.0,0.0,5.698587964479259,0.0,0.0,1.0,0.0
1.4,ASCENT,0.0,0.0,39.41080353874713,5.904638142519879,0.0,0.0,5.904638142519879,0.0,0.0,1.0,0.0
1.45,ASCENT,0.0,0.0,39.716346708126366,6.110863385105335,0.0,0.0,6.110863385105335,0.0,0.0,1.0,0.0
1.5,ASCENT,0.0,0.0,40.032209895551205,6.3172637559804,0.0,0.0,6.3172637559804,0.0,0.0,1.0,0.0
1.55,ASCENT,0.0,0.0,40.358401861041784,6.523839318878368,0.0,0.0,6.523839318878368,0.0,0.0,1.0,0.0
1.6,ASCENT,0.0,0.0,40.69493136834353,6.730590137521164,0.0,0.0,6.730590137521164,0.0,0.0,1.0,0.0
1.65,ASCENT,0.0,0.0,41.0418071821332,6.937516275619446,0.0,0.0,6.937516275619446,0.0,0.0,1.0,0.0
1.7,ASCENT,0.0,0.0,41.399038071744144,7.144617796872713,0.0,0.0,7.144617796872713,0.0,0.0,1.0,0.0
1.75,ASCENT,0.0,0.0,41.76663281023502,7.35189476496941,0.0,0.0,7.35189476496941,0.0,0.0,1.0,0.0
1.8,ASCENT,0.0,0.0,42.144600172527134,7.5593472435870375,0.0,0.0,7.5593472435870375,0.0,0.0,1.0,0.0
1.85,ASCENT,0.0,0.0,42.532948937267065,7.7669752963922605,0.0,0.0,7.7669752963922605,0.0,0.0,1.0,0.0
1.9,ASCENT,0.0,0.0,42.931687886826694,7.97477898704102,0.0,0.0,7.97477898704102,0.0,0.0,1.0,0.0
1.95,ASCENT,0.0,0.0,43.340825805440545,8.182758379178644,0.0,0.0,8.182758379178644,0.0,0.0,1.0,0.0
2.0,ASCENT,0.0,0.0,43.760371481999755,8.390913536439959,0.0,0.0,8.390913536439959,0.0,0.0,1.0,0.0
2.05,ASCENT,0.0,0.0,44.19033370818943,8.599244522449403,0.0,0.0,8.599244522449403,0.0,0.0,1.0,0.0
2.1,ASCENT,0.0,0.0,44.630721278488636,8.807751400821148,0.0,0.0,8.807751400821148,0.0,0.0,1.0,0.0
2.15,ASCENT,0.0,0.0,45.08154299017042,9.016434235159208,0.0,0.0,9.016434235159208,0.0,0.0,1.0,0.0
2.2,ASCENT,0.0,0.0,45.54280764423311,9.225293089057557,0.0,0.0,9.225293089057557,0.0,0.0,1.0,0.0
2.25,ASCENT,0.0,0.0,46.01452404540032,9.434328026100252,0.0,0.0,9.434328026100252,0.0,0.0,1.0,0.0
2.3,ASCENT,0.0,0.0,46.49670100118965,9.643539109861546,0.0,0.0,9.643539109861546,0.0,0.0,1.0,0.0
2.35,ASCENT,0.0,0.0,46.989347320981324,9.852926403906018,0.0,0.0,9.852926403906018,0.0,0.0,1.0,0.0
2.4,ASCENT,0.0,0.0,47.492471819743514,10.062489971788684,0.0,0.0,10.062489971788684,0.0,0.0,1.0,0.0
2.45,ASCENT,0.0,0.0,48.00608331337571,10.272229877055128,0.0,0.0,10.272229877055128,0.0,0.0,1.0,0.0
2.5,ASCENT,0.0,0.0,48.53019062243402,10.482146183241623,0.0,0.0,10.482146183241623,0.0,0.0,1.0,0.0
2.55,ASCENT,0.0,0.0,49.06480257026851,10.692238953875254,0.0,0.0,10.692238953875254,0.0,0.0,1.0,0.0
2.6,ASCENT,0.0,0.0,49.609927983023226,10.90250825247405,0.0,0.0,10.90250825247405,0.0,0.0,1.0,0.0
2.65,ASCENT,0.0,0.0,50.16557569056749,11.112954142547105,0.0,0.0,11.112954142547105,0.0,0.0,1.0,0.0
2.7,ASCENT,0.0,0.0,50.73175452463329,11.323576687594715,0.0,0.0,11.323576687594715,0.0,0.0,1.0,0.0
2.75,ASCENT,0.0,0.0,51.30847332254052,11.534375951108496,0.0,0.0,11.534375951108496,0.0,0.0,1.0,0.0
2.8,ASCENT,0.0,0.0,51.895740922540426,11.745351996571527,0.0,0.0,11.745351996571527,0.0,0.0,1.0,0.0
2.85,ASCENT,0.0,0.0,52.493566166609526,11.956504887458475,0.0,0.0,11.956504887458475,0.0,0.0,1.0,0.0
2.9,ASCENT,0.0,0.0,53.101957901380956,12.167834687235732,0.0,0.0,12.167834687235732,0.0,0.0,1.0,0.0
2.95,ASCENT,0.0,0.0,53.72092497441918,12.379341459361545,0.0,0.0,12.379341459361545,0.0,0.0,1.0,0.0
3.0,ASCENT,0.0,0.0,54.35047623794526,12.591025267286154,0.0,0.0,12.591025267286154,0.0,0.0,1.0,0.0
3.05,ASCENT,0.0,0.0,54.99062054697424,12.802886174451935,0.0,0.0,12.802886174451935,0.0,0.0,1.0,0.0
3.1,ASCENT,0.0,0.0,55.64136675931513,13.014924244293523,0.0,0.0,13.014924244293523,0.0,0.0,1.0,0.0
3.15,ASCENT,0.0,0.0,56.30272373650223,13.227139540237967,0.0,0.0,13.227139540237967,0.0,0.0,1.0,0.0
3.2,ASCENT,0.0,0.0,56.9747003428638,13.439532125704863,0.0,0.0,13.439532125704863,0.0,0.0,1.0,0.0
3.25,ASCENT,0.0,0.0,57.65730544645339,13.652102064106494,0.0,0.0,13.652102064106494,0.0,0.0,1.0,0.0
3.3,ASCENT,0.0,0.0,58.350547917187214,13.864849418847975,0.0,0.0,13.864849418847975,0.0,0.0,1.0,0.0
3.35,ASCENT,0.0,0.0,59.054436629638076,14.077774253327398,0.0,0.0,14.077774253327398,0.0,0.0,1.0,0.0
3.4,ASCENT,0.0,0.0,59.76898046117276,14.290876630935976,0.0,0.0,14.290876630935976,0.0,0.0,1.0,0.0
3.45,ASCENT,0.0,0.0,60.494188291952014,14.50415661505819,0.0,0.0,14.50415661505819,0.0,0.0,1.0,0.0
3.5,ASCENT,0.0,0.0,61.23006900586188,14.71761426907193,0.0,0.0,14.71761426907193,0.0,0.0,1.0,0.0
3.55,ASCENT,0.0,0.0,61.97663148865104,14.931249656348658,0.0,0.0,14.931249656348658,0.0,0.0,1.0,0.0
3.6,ASCENT,0.0,0.0,62.73388463072479,15.14506284025354,0.0,0.0,15.14506284025354,0.0,0.0,1.0,0.0
3.65,ASCENT,0.0,0.0,63.501837325282395,15.359053884145615,0.0,0.0,15.359053884145615,0.0,0.0,1.0,0.0
3.7,ASCENT,0.0,0.0,64.28049846738577,15.57322285137793,0.0,0.0,15.57322285137793,0.0,0.0,1.0,0.0
3.75,ASCENT,0.0,0.0,65.06987695768476,15.787569805297705,0.0,0.0,15.787569805297705,0.0,0.0,1.0,0.0
3.8,ASCENT,0.0,0.0,65.86998169776052,16.002094809246486,0.0,0.0,16.002094809246486,0.0,0.0,1.0,0.0
3.85,ASCENT,0.0,0.0,66.68082159385085,16.2167979265603,0.0,0.0,16.2167979265603,0.0,0.0,1.0,0.0
3.9,ASCENT,0.0,0.0,67.50240555498749,16.43167922056981,0.0,0.0,16.43167922056981,0.0,0.0,1.0,0.0
3.95,ASCENT,0.0,0.0,68.33474249299616,16.64673875460047,0.0,0.0,16.64673875460047,0.0,0.0,1.0,0.0
4.0,ASCENT,0.0,0.0,69.17784132249653,16.861976591972695,0.0,0.0,16.861976591972695,0.0,0.0,1.0,0.0
4.05,ASCENT,0.0,0.0,70.0317109618336,17.077392796002016,0.0,0.0,17.077392796002016,0.0,0.0,1.0,0.0
4.1,ASCENT,0.0,0.0,70.89636033307761,17.292987429999236,0.0,0.0,17.292987429999236,0.0,0.0,1.0,0.0
4.15,ASCENT,0.0,0.0,71.7717983610928,17.508760557270605,0.0,0.0,17.508760557270605,0.0,0.0,1.0,0.0
4.2,ASCENT,0.0,0.0,72.65803397353739,17.724712241117977,0.0,0.0,17.724712241117977,0.0,0.0,1.0,0.0
4.25,ASCENT,0.0,0.0,73.55507610086352,17.940842544838976,0.0,0.0,17.940842544838976,0.0,0.0,1.0,0.0
4.3,ASCENT,0.0,0.0,74.46293367724866,18.15715153172716,0.0,0.0,18.15715153172716,0.0,0.0,1.0,0.0
4.35,ASCENT,0.0,0.0,75.38161564059556,18.3736392650722,0.0,0.0,18.3736392650722,0.0,0.0,1.0,0.0
4.4,ASCENT,0.0,0.0,76.3111309306696,18.590305808160036,0.0,0.0,18.590305808160036,0.0,0.0,1.0,0.0
4.45,ASCENT,0.0,0.0,77.25148849189281,18.807151224273056,0.0,0.0,18.807151224273056,0.0,0.0,1.0,0.0
4.5,ASCENT,0.0,0.0,78.20269727054983,19.024175576690265,0.0,0.0,19.024175576690265,0.0,0.0,1.0,0.0
4.55,ASCENT,0.0,0.0,79.1647662166506,19.241378928687457,0.0,0.0,19.241378928687457,0.0,0.0,1.0,0.0
4.6,ASCENT,0.0,0.0,80.13770428393036,19.458761343537393,0.0,0.0,19.458761343537393,0.0,0.0,1.0,0.0
4.65,ASCENT,0.0,0.0,81.12152042798698,19.676322884509972,0.0,0.0,19.676322884509972,0.0,0.0,1.0,0.0
4.7,ASCENT,0.0,0.0,82.11622360907495,19.894063614872408,0.0,0.0,19.894063614872408,0.0,0.0,1.0,0.0
4.75,ASCENT,0.0,0.0,83.12182278931141,20.111983597889413,0.0,0.0,20.111983597889413,0.0,0.0,1.0,0.0
4.8,ASCENT,0.0,0.0,84.13832693453878,20.330082896823374,0.0,0.0,20.330082896823374,0.0,0.0,1.0,0.0
4.85,ASCENT,0.0,0.0,85.16574501339346,20.548361574934525,0.0,0.0,20.548361574934525,0.0,0.0,1.0,0.0
4.9,ASCENT,0.0,0.0,86.20408599823713,20.766819695481143,0.0,0.0,20.766819695481143,0.0,0.0,1.0,0.0
4.95,ASCENT,0.0,0.0,87.25335886422545,20.98545732171972,0.0,0.0,20.98545732171972,0.0,0.0,1.0,0.0
5.0,ASCENT,0.0,0.0,88.31357259023935,21.204274516905155,0.0,0.0,21.204274516905155,0.0,0.0,1.0,0.0
5.05,ASCENT,0.0,0.0,89.38473615702242,21.423271344290928,0.0,0.0,21.423271344290928,0.0,0.0,1.0,0.0
5.1,ASCENT,0.0,0.0,90.46685854997486,21.642447867129302,0.0,0.0,21.642447867129302,0.0,0.0,1.0,0.0
5.15,ASCENT,0.0,0.0,91.55994875729084,21.8618041486715,0.0,0.0,21.8618041486715,0.0,0.0,1.0,0.0
5.2,ASCENT,0.0,0.0,92.6640157699585,22.081340252167898,0.0,0.0,22.081340252167898,0.0,0.0,1.0,0.0
5.25,ASCENT,0.0,0.0,93.77906858175993,22.301056240868213,0.0,0.0,22.301056240868213,0.0,0.0,1.0,0.0
5.3,ASCENT,0.0,0.0,94.90511619020253,22.520952178021698,0.0,0.0,22.520952178021698,0.0,0.0,1.0,0.0
5.35,ASCENT,0.0,0.0,96.042167596519,22.741028126877335,0.0,0.0,22.741028126877335,0.0,0.0,1.0,0.0
5.4,ASCENT,0.0,0.0,97.19023180380464,22.96128415068403,0.0,0.0,22.96128415068403,0.0,0.0,1.0,0.0
5.45,ASCENT,0.0,0.0,98.3493178198114,23.181720312690796,0.0,0.0,23.181720312690796,0.0,0.0,1.0,0.0
5.5,ASCENT,0.0,0.0,99.51943465322256,23.402336676146977,0.0,0.0,23.402336676146977,0.0,0.0,1.0,0.0
5.55,ASCENT,0.0,0.0,100.7005913183093,23.623133304302414,0.0,0.0,23.623133304302414,0.0,0.0,1.0,0.0
5.6,ASCENT,0.0,0.0,101.89279683120549,23.844110260407668,0.0,0.0,23.844110260407668,0.0,0.0,1.0,0.0
5.65,ASCENT,0.0,0.0,103.09606021177024,24.065267607714212,0.0,0.0,24.065267607714212,0.0,0.0,1.0,0.0
5.7,ASCENT,0.0,0.0,104.31039048265666,24.28660540947463,0.0,0.0,24.28660540947463,0.0,0.0,1.0,0.0
5.75,ASCENT,0.0,0.0,105.53579666931182,24.508123728942834,0.0,0.0,24.508123728942834,0.0,0.0,1.0,0.0
5.8,ASCENT,0.0,0.0,106.77228780090809,24.729822629374244,0.0,0.0,24.729822629374244,0.0,0.0,1.0,0.0
5.85,ASCENT,0.0,0.0,108.01987290941179,24.951702174026018,0.0,0.0,24.951702174026018,0.0,0.0,1.0,0.0
5.9,ASCENT,0.0,0.0,109.27856103051454,25.173762426157246,0.0,0.0,25.173762426157246,0.0,0.0,1.0,0.0
5.95,ASCENT,0.0,0.0,110.54836120270193,25.396003449029163,0.0,0.0,25.396003449029163,0.0,0.0,1.0,0.0
6.0,ASCENT,0.0,0.0,111.82928246818483,25.618425305905355,0.0,0.0,25.618425305905355,0.0,0.0,1.0,0.0
6.05,ASCENT,0.0,0.0,113.12133387103677,25.841028060051976,0.0,0.0,25.841028060051976,0.0,0.0,1.0,0.0
6.1,ASCENT,0.0,0.0,114.42452445998788,26.063811774737953,0.0,0.0,26.063811774737953,0.0,0.0,1.0,0.0
6.15,ASCENT,0.0,0.0,115.73886328563094,26.286776513235203,0.0,0.0,26.286776513235203,0.0,0.0,1.0,0.0
6.2,ASCENT,0.0,0.0,117.06435940228403,26.509922338818853,0.0,0.0,26.509922338818853,0.0,0.0,1.0,0.0
6.25,ASCENT,0.0,0.0,118.4010218679905,26.733249314767445,0.0,0.0,26.733249314767445,0.0,0.0,1.0,0.0
6.3,ASCENT,0.0,0.0,119.74885974358767,26.956757504363164,0.0,0.0,26.956757504363164,0.0,0.0,1.0,0.0
6.35,ASCENT,0.0,0.0,121.10788209177554,27.18044697089205,0.0,0.0,27.18044697089205,0.0,0.0,1.0,0.0
6.4,ASCENT,0.0,0.0,122.478097980842,27.404317777644216,0.0,0.0,27.404317777644216,0.0,0.0,1.0,0.0
6.45,ASCENT,0.0,0.0,123.85951648000628,27.628369987914088,0.0,0.0,27.628369987914088,0.0,0.0,1.0,0.0
6.5,ASCENT,0.0,0.0,125.25214666314423,27.852603665000597,0.0,0.0,27.852603665000597,0.0,0.0,1.0,0.0
6.55,ASCENT,0.0,0.0,126.65599760692567,28.07701887220743,0.0,0.0,28.07701887220743,0.0,0.0,1.0,0.0
6.6,ASCENT,0.0,0.0,128.07107839081436,28.301615672843234,0.0,0.0,28.301615672843234,0.0,0.0,1.0,0.0
6.65,ASCENT,0.0,0.0,129.49739809706807,28.526394130221867,0.0,0.0,28.526394130221867,0.0,0.0,1.0,0.0
6.7,ASCENT,0.0,0.0,130.93496581260115,28.751354307662602,0.0,0.0,28.751354307662602,0.0,0.0,1.0,0.0
6.75,ASCENT,0.0,0.0,132.3837906261906,28.976496268490372,0.0,0.0,28.976496268490372,0.0,0.0,1.0,0.0
6.8,ASCENT,0.0,0.0,133.84388163033873,29.20182007603599,0.0,0.0,29.20182007603599,0.0,0.0,1.0,0.0
6.85,ASCENT,0.0,0.0,135.3152479203418,29.42732579363639,0.0,0.0,29.42732579363639,0.0,0.0,1.0,0.0
6.9,ASCENT,0.0,0.0,136.79789859429002,29.65301348463485,0.0,0.0,29.65301348463485,0.0,0.0,1.0,0.0
6.95,ASCENT,0.0,0.0,138.29184275493026,29.878883212381243,0.0,0.0,29.878883212381243,0.0,0.0,1.0,0.0
7.0,ASCENT,0.0,0.0,139.797089506872,30.10493504023225,0.0,0.0,30.10493504023225,0.0,0.0,1.0,0.0
7.05,ASCENT,0.0,0.0,141.31364795845002,30.331169031551614,0.0,0.0,30.331169031551614,0.0,0.0,1.0,0.0
7.1,ASCENT,0.0,0.0,142.84152722079307,30.557585249710375,0.0,0.0,30.557585249710375,0.0,0.0,1.0,0.0
7.15,ASCENT,0.0,0.0,144.38073640875518,30.78418375808711,0.0,0.0,30.78418375808711,0.0,0.0,1.0,0.0
7.2,ASCENT,0.0,0.0,145.93128463998437,31.010964620068165,0.0,0.0,31.010964620068165,0.0,0.0,1.0,0.0
7.25,ASCENT,0.0,0.0,147.4931810349226,31.237927899047914,0.0,0.0,31.237927899047914,0.0,0.0,1.0,0.0
7.3,ASCENT,0.0,0.0,149.06643471773714,31.465073658428988,0.0,0.0,31.465073658428988,0.0,0.0,1.0,0.0
7.35,ASCENT,0.0,0.0,150.65105481538922,31.692401961622526,0.0,0.0,31.692401961622526,0.0,0.0,1.0,0.0
7.4,ASCENT,0.0,0.0,152.24705045856535,31.919912872048425,0.0,0.0,31.919912872048425,0.0,0.0,1.0,0.0
7.45,ASCENT,0.0,0.0,153.85443078167737,32.14760645313558,0.0,0.0,32.14760645313558,0.0,0.0,1.0,0.0
7.5,ASCENT,0.0,0.0,155.47320492006838,32.37548276832214,0.0,0.0,32.37548276832214,0.0,0.0,1.0,0.0
7.55,ASCENT,0.0,0.0,157.10338201373816,32.60354188105575,0.0,0.0,32.60354188105575,0.0,0.0,1.0,0.0
7.6,ASCENT,0.0,0.0,158.74497120641172,32.831783854793805,0.0,0.0,32.831783854793805,0.0,0.0,1.0,0.0
7.65,ASCENT,0.0,0.0,160.39798164367676,33.06020875300372,0.0,0.0,33.06020875300372,0.0,0.0,1.0,0.0
7.7,ASCENT,0.0,0.0,162.06242247577757,33.288816639163166,0.0,0.0,33.288816639163166,0.0,0.0,1.0,0.0
7.75,ASCENT,0.0,0.0,163.7383028548211,33.51760757676033,0.0,0.0,33.51760757676033,0.0,0.0,1.0,0.0
7.8,ASCENT,0.0,0.0,165.42563193663955,33.746581629294155,0.0,0.0,33.746581629294155,0.0,0.0,1.0,0.0
7.85,ASCENT,0.0,0.0,167.12441887985915,33.97573886027464,0.0,0.0,33.97573886027464,0.0,0.0,1.0,0.0
7.9,ASCENT,0.0,0.0,168.83467284683138,34.20507933322306,0.0,0.0,34.20507933322306,0.0,0.0,1.0,0.0
7.95,ASCENT,0.0,0.0,170.5564030027017,34.43460311167225,0.0,0.0,34.43460311167225,0.0,0.0,1.0,0.0
8.0,ASCENT,0.0,0.0,172.28961851540953,34.66431025916687,0.0,0.0,34.66431025916687,0.0,0.0,1.0,0.0
8.05,ASCENT,0.0,0.0,174.0343285575509,34.894200839263625,0.0,0.0,34.894200839263625,0.0,0.0,1.0,0.0
8.1,ASCENT,0.0,0.0,175.79054230358452,35.1242749155316,0.0,0.0,35.1242749155316,0.0,0.0,1.0,0.0
8.15,ASCENT,0.0,0.0,177.558268930763,35.354532551552474,0.0,0.0,35.354532551552474,0.0,0.0,1.0,0.0
8.2,ASCENT,0.0,0.0,179.33751762099564,35.5849738109208,0.0,0.0,35.5849738109208,0.0,0.0,1.0,0.0
8.25,ASCENT,0.0,0.0,181.12829755898565,35.81559875724429,0.0,0.0,35.81559875724429,0.0,0.0,1.0,0.0
8.3,ASCENT,0.0,0.0,182.9306179312989,36.04640745414407,0.0,0.0,36.04640745414407,0.0,0.0,1.0,0.0
8.35,ASCENT,0.0,0.0,184.7444879291579,36.27739996525494,0.0,0.0,36.27739996525494,0.0,0.0,1.0,0.0
8.4,ASCENT,0.0,0.0,186.5699167465791,36.508576354225696,0.0,0.0,36.508576354225696,0.0,0.0,1.0,0.0
8.45,ASCENT,0.0,0.0,188.40691358037293,36.73993668471934,0.0,0.0,36.73993668471934,0.0,0.0,1.0,0.0
8.5,ASCENT,0.0,0.0,190.25548763107508,36.97148102041341,0.0,0.0,36.97148102041341,0.0,0.0,1.0,0.0
8.55,ASCENT,0.0,0.0,192.11564810201526,37.20320942500021,0.0,0.0,37.20320942500021,0.0,0.0,1.0,0.0
8.6,ASCENT,0.0,0.0,193.98740420024842,37.43512196218714,0.0,0.0,37.43512196218714,0.0,0.0,1.0,0.0
8.65,ASCENT,0.0,0.0,195.8707651346922,37.66721869569694,0.0,0.0,37.66721869569694,0.0,0.0,1.0,0.0
8.7,ASCENT,0.0,0.0,197.7657401189208,37.89949968926796,0.0,0.0,37.89949968926796,0.0,0.0,1.0,0.0
8.75,ASCENT,0.0,0.0,199.67233836930245,38.131965006654504,0.0,0.0,38.131965006654504,0.0,0.0,1.0,0.0
8.8,ASCENT,0.0,0.0,201.5905691049993,38.364614711627034,0.0,0.0,38.364614711627034,0.0,0.0,1.0,0.0
8.85,ASCENT,0.0,0.0,203.5204415479675,38.59744886797252,0.0,0.0,38.59744886797252,0.0,0.0,1.0,0.0
8.9,ASCENT,0.0,0.0,205.46196492481977,38.830467539494684,0.0,0.0,38.830467539494684,0.0,0.0,1.0,0.0
8.95,ASCENT,0.0,0.0,207.41514846403152,39.06367079001432,0.0,0.0,39.06367079001432,0.0,0.0,1.0,0.0
9.0,ASCENT,0.0,0.0,209.38000139780343,39.29705868336956,0.0,0.0,39.29705868336956,0.0,0.0,1.0,0.0
9.05,ASCENT,0.0,0.0,211.35653296206146,39.530631283416184,0.0,0.0,39.530631283416184,0.0,0.0,1.0,0.0
9.1,ASCENT,0.0,0.0,213.34475239459425,39.76438865402789,0.0,0.0,39.76438865402789,0.0,0.0,1.0,0.0
9.15,ASCENT,0.0,0.0,215.34466893784702,39.998330859096605,0.0,0.0,39.998330859096605,0.0,0.0,1.0,0.0
9.2,ASCENT,0.0,0.0,217.35629183612764,40.23245796253277,0.0,0.0,40.23245796253277,0.0,0.0,1.0,0.0
9.25,ASCENT,0.0,0.0,219.37963033746928,40.46677002826565,0.0,0.0,40.46677002826565,0.0,0.0,1.0,0.0
9.3,ASCENT,0.0,0.0,221.4146936936304,40.70126712024362,0.0,0.0,40.70126712024362,0.0,0.0,1.0,0.0
9.35,ASCENT,0.0,0.0,223.46149115916342,40.93594930243446,0.0,0.0,40.93594930243446,0.0,0.0,1.0,0.0
9.4,ASCENT,0.0,0.0,225.52003199141473,41.17081663882567,0.0,0.0,41.17081663882567,0.0,0.0,1.0,0.0
9.45,ASCENT,0.0,0.0,227.590325451456,41.405869193424756,0.0,0.0,41.405869193424756,0.0,0.0,1.0,0.0
9.5,ASCENT,0.0,0.0,229.67238080315292,41.64110703025955,0.0,0.0,41.64110703025955,0.0,0.0,1.0,0.0
9.55,ASCENT,0.0,0.0,231.7662073140964,41.87653021337849,0.0,0.0,41.87653021337849,0.0,0.0,1.0,0.0
9.6,ASCENT,0.0,0.0,233.87181425467134,42.11213880685095,0.0,0.0,42.11213880685095,0.0,0.0,1.0,0.0
9.65,ASCENT,0.0,0.0,235.98921089805663,42.34793287476755,0.0,0.0,42.34793287476755,0.0,0.0,1.0,0.0
9.7,ASCENT,0.0,0.0,238.11840652208775,42.58391248124043,0.0,0.0,42.58391248124043,0.0,0.0,1.0,0.0
9.75,ASCENT,0.0,0.0,240.25941040646285,42.8200776904036,0.0,0.0,42.8200776904036,0.0,0.0,1.0,0.0
9.8,ASCENT,0.0,0.0,242.41223183460534,43.056428566413224,0.0,0.0,43.056428566413224,0.0,0.0,1.0,0.0
9.85,ASCENT,0.0,0.0,244.57688009366393,43.292965173447946,0.0,0.0,43.292965173447946,0.0,0.0,1.0,0.0
9.9,ASCENT,0.0,0.0,246.75336447265,43.529687575709204,0.0,0.0,43.529687575709204,0.0,0.0,1.0,0.0
9.95,ASCENT,0.0,0.0,248.94169426430017,43.766595837421534,0.0,0.0,43.766595837421534,0.0,0.0,1.0,0.0
10.0,ASCENT,0.0,0.0,251.1418787650764,44.0036900228329,0.0,0.0,44.0036900228329,0.0,0.0,1.0,0.0
10.05,ASCENT,0.0,0.0,253.35392727516592,44.240970196215,0.0,0.0,44.240970196215,0.0,0.0,1.0,0.0
10.1,ASCENT,0.0,0.0,255.5778490966186,44.47843642186361,0.0,0.0,44.47843642186361,0.0,0.0,1.0,0.0
10.15,ASCENT,0.0,0.0,257.8136535352096,44.71608876409887,0.0,0.0,44.71608876409887,0.0,0.0,1.0,0.0
10.2,ASCENT,0.0,0.0,260.06134989950806,44.95392728726562,0.0,0.0,44.95392728726562,0.0,0.0,1.0,0.0
10.25,ASCENT,0.0,0.0,262.3209475027397,45.19195205573374,0.0,0.0,45.19195205573374,0.0,0.0,1.0,0.0
10.3,ASCENT,0.0,0.0,264.59245565906167,45.43016313389846,0.0,0.0,45.43016313389846,0.0,0.0,1.0,0.0
10.35,ASCENT,0.0,0.0,266.8758836882189,45.66856058618068,0.0,0.0,45.66856058618068,0.0,0.0,1.0,0.0
10.4,ASCENT,0.0,0.0,269.17124091181904,45.907144477027316,0.0,0.0,45.907144477027316,0.0,0.0,1.0,0.0
10.45,ASCENT,0.0,0.0,271.47853665519506,46.14591487091161,0.0,0.0,46.14591487091161,0.0,0.0,1.0,0.0
10.5,ASCENT,0.0,0.0,273.79778024647385,46.384871832333474,0.0,0.0,46.384871832333474,0.0,0.0,1.0,0.0
10.55,ASCENT,0.0,0.0,276.1289810175076,46.62401542581981,0.0,0.0,46.62401542581981,0.0,0.0,1.0,0.0
10.6,ASCENT,0.0,0.0,278.4721483029425,46.86334571592487,0.0,0.0,46.86334571592487,0.0,0.0,1.0,0.0
10.65,ASCENT,0.0,0.0,280.82729144115,47.10286276723055,0.0,0.0,47.10286276723055,0.0,0.0,1.0,0.0
10.7,ASCENT,0.0,0.0,283.1944197732955,47.342566644346746,0.0,0.0,47.342566644346746,0.0,0.0,1.0,0.0
10.75,ASCENT,0.0,0.0,285.57354264426976,47.58245741191171,0.0,0.0,47.58245741191171,0.0,0.0,1.0,0.0
10.8,ASCENT,0.0,0.0,287.9646694008261,47.82253513459236,0.0,0.0,47.82253513459236,0.0,0.0,1.0,0.0
10.85,ASCENT,0.0,0.0,290.3678093943745,48.06279987708462,0.0,0.0,48.06279987708462,0.0,0.0,1.0,0.0
10.9,ASCENT,0.0,0.0,292.7829719791189,48.3032517041138,0.0,0.0,48.3032517041138,0.0,0.0,1.0,0.0
10.95,ASCENT,0.0,0.0,295.2101665129885,48.54389068043488,0.0,0.0,48.54389068043488,0.0,0.0,1.0,0.0
11.0,ASCENT,0.0,0.0,297.64940235670656,48.7847168708329,0.0,0.0,48.7847168708329,0.0,0.0,1.0,0.0
11.05,ASCENT,0.0,0.0,300.1006888737902,49.0257303401233,0.0,0.0,49.0257303401233,0.0,0.0,1.0,0.0
11.1,ASCENT,0.0,0.0,302.5640354314819,49.26693115315224,0.0,0.0,49.26693115315224,0.0,0.0,1.0,0.0
11.15,ASCENT,0.0,0.0,305.03945139981806,49.50831937479697,0.0,0.0,49.50831937479697,0.0,0.0,1.0,0.0
11.2,ASCENT,0.0,0.0,307.52694615349174,49.74989506996617,0.0,0.0,49.74989506996617,0.0,0.0,1.0,0.0
11.25,ASCENT,0.0,0.0,310.0265290690586,49.991658303600325,0.0,0.0,49.991658303600325,0.0,0.0,1.0,0.0
11.3,ASCENT,0.0,0.0,312.5382095258683,50.23360914067204,0.0,0.0,50.23360914067204,0.0,0.0,1.0,0.0
11.35,ASCENT,0.0,0.0,315.0619969079271,50.47574764618641,0.0,0.0,50.47574764618641,0.0,0.0,1.0,0.0
11.4,ASCENT,0.0,0.0,317.5979006020352,50.718073885181404,0.0,0.0,50.718073885181404,0.0,0.0,1.0,0.0
11.45,ASCENT,0.0,0.0,320.1459299977869,50.96058792272816,0.0,0.0,50.96058792272816,0.0,0.0,1.0,0.0
11.5,ASCENT,0.0,0.0,322.70609448943287,51.20328982393139,0.0,0.0,51.20328982393139,0.0,0.0,1.0,0.0
11.55,ASCENT,0.0,0.0,325.27840347215533,51.44617965392974,0.0,0.0,51.44617965392974,0.0,0.0,1.0,0.0
11.6,ASCENT,0.0,0.0,327.862866345793,51.68925747789611,0.0,0.0,51.68925747789611,0.0,0.0,1.0,0.0
11.65,ASCENT,0.0,0.0,330.45949251390994,51.93252336103807,0.0,0.0,51.93252336103807,0.0,0.0,1.0,0.0
11.7,ASCENT,0.0,0.0,333.0682913819328,52.17597736859818,0.0,0.0,52.17597736859818,0.0,0.0,1.0,0.0
11.75,ASCENT,0.0,0.0,335.6892723599449,52.419619565854376,0.0,0.0,52.419619565854376,0.0,0.0,1.0,0.0
11.8,ASCENT,0.0,0.0,338.32244486082345,52.66345001812032,0.0,0.0,52.66345001812032,0.0,0.0,1.0,0.0
11.85,ASCENT,0.0,0.0,340.96781830023974,52.907468790745796,0.0,0.0,52.907468790745796,0.0,0.0,1.0,0.0
11.9,ASCENT,0.0,0.0,343.62540209759027,53.151675949117035,0.0,0.0,53.151675949117035,0.0,0.0,1.0,0.0
11.95,ASCENT,0.0,0.0,346.2952056750655,53.39607155865714,0.0,0.0,53.39607155865714,0.0,0.0,1.0,0.0
12.0,ASCENT,0.0,0.0,348.9772384595126,53.640655684826406,0.0,0.0,53.640655684826406,0.0,0.0,1.0,0.0
12.05,ASCENT,0.0,0.0,351.6715098787099,53.88542839312272,0.0,0.0,53.88542839312272,0.0,0.0,1.0,0.0
12.1,ASCENT,0.0,0.0,354.37802936602384,54.13038974908194,0.0,0.0,54.13038974908194,0.0,0.0,1.0,0.0
12.15,ASCENT,0.0,0.0,357.0968063566834,54.37553981827825,0.0,0.0,54.37553981827825,0.0,0.0,1.0,0.0
12.2,ASCENT,0.0,0.0,359.8278502896428,54.62087866632454,0.0,0.0,54.62087866632454,0.0,0.0,1.0,0.0
12.25,ASCENT,0.0,0.0,362.57117060758173,54.86640635887281,0.0,0.0,54.86640635887281,0.0,0.0,1.0,0.0
12.3,ASCENT,0.0,0.0,365.3267767559737,55.11212296161451,0.0,0.0,55.11212296161451,0.0,0.0,1.0,0.0
12.35,ASCENT,0.0,0.0,368.0946781830862,55.35802854028096,0.0,0.0,55.35802854028096,0.0,0.0,1.0,0.0
12.4,ASCENT,0.0,0.0,370.8748843409121,55.60412316064371,0.0,0.0,55.60412316064371,0.0,0.0,1.0,0.0
12.45,ASCENT,0.0,0.0,373.66740468516946,55.85040688851491,0.0,0.0,55.85040688851491,0.0,0.0,1.0,0.0
12.5,ASCENT,0.0,0.0,376.47224867437035,56.09687978974773,0.0,0.0,56.09687978974773,0.0,0.0,1.0,0.0
12.55,ASCENT,0.0,0.0,379.28942577075213,56.343541930236725,0.0,0.0,56.343541930236725,0.0,0.0,1.0,0.0
12.6,ASCENT,0.0,0.0,382.11894543934613,56.590393375918225,0.0,0.0,56.590393375918225,0.0,0.0,1.0,0.0
12.65,ASCENT,0.0,0.0,384.960817148909,56.83743419277073,0.0,0.0,56.83743419277073,0.0,0.0,1.0,0.0
12.7,ASCENT,0.0,0.0,387.81505037099123,57.08466444681528,0.0,0.0,57.08466444681528,0.0,0.0,1.0,0.0
12.75,ASCENT,0.0,0.0,390.6816545808688,57.33208420411589,0.0,0.0,57.33208420411589,0.0,0.0,1.0,0.0
12.8,ASCENT,0.0,0.0,393.5606392575428,57.579693530779885,0.0,0.0,57.579693530779885,0.0,0.0,1.0,0.0
12.85,ASCENT,0.0,0.0,396.45201388187706,57.82749249295834,0.0,0.0,57.82749249295834,0.0,0.0,1.0,0.0
12.9,ASCENT,0.0,0.0,399.35578793939203,58.07548115684647,0.0,0.0,58.07548115684647,0.0,0.0,1.0,0.0
12.95,ASCENT,0.0,0.0,402.2719709184021,58.323659588683995,0.0,0.0,58.323659588683995,0.0,0.0,1.0,0.0
13.0,ASCENT,0.0,0.0,405.2005723109469,58.57202785475558,0.0,0.0,58.57202785475558,0.0,0.0,1.0,0.0
13.05,ASCENT,0.0,0.0,408.1416016118601,58.82058602139121,0.0,0.0,58.82058602139121,0.0,0.0,1.0,0.0
13.1,ASCENT,0.0,0.0,411.09506831970066,59.06933415496658,0.0,0.0,59.06933415496658,0.0,0.0,1.0,0.0
13.15,ASCENT,0.0,0.0,414.0609819358215,59.31827232190356,0.0,0.0,59.31827232190356,0.0,0.0,1.0,0.0
13.2,ASCENT,0.0,0.0,417.03935196530074,59.567400588670495,0.0,0.0,59.567400588670495,0.0,0.0,1.0,0.0
13.25,ASCENT,0.0,0.0,420.0301879160106,59.81671902178271,0.0,0.0,59.81671902178271,0.0,0.0,1.0,0.0
13.3,ASCENT,0.0,0.0,423.0334993004799,60.06622768780286,0.0,0.0,60.06622768780286,0.0,0.0,1.0,0.0
13.35,ASCENT,0.0,0.0,426.0492956331,60.31592665334134,0.0,0.0,60.31592665334134,0.0,0.0,1.0,0.0
13.4,ASCENT,0.0,0.0,429.0775864319876,60.565815985056744,0.0,0.0,60.565815985056744,0.0,0.0,1.0,0.0
13.45,ASCENT,0.0,0.0,432.11838121991605,60.8158957496562,0.0,0.0,60.8158957496562,0.0,0.0,1.0,0.0
13.5,ASCENT,0.0,0.0,435.17168952059,61.06616601389584,0.0,0.0,61.06616601389584,0.0,0.0,1.0,0.0
13.55,ASCENT,0.0,0.0,438.23752086237073,61.31662684458118,0.0,0.0,61.31662684458118,0.0,0.0,1.0,0.0
13.6,ASCENT,0.0,0.0,441.31588477734476,61.56727830856756,0.0,0.0,61.56727830856756,0.0,0.0,1.0,0.0
13.65,ASCENT,0.0,0.0,444.40679080132395,61.81812047276054,0.0,0.0,61.81812047276054,0.0,0.0,1.0,0.0
13.7,ASCENT,0.0,0.0,447.5102484719828,62.069153404116335,0.0,0.0,62.069153404116335,0.0,0.0,1.0,0.0
13.75,ASCENT,0.0,0.0,450.626267330721,62.32037716964221,0.0,0.0,62.32037716964221,0.0,0.0,1.0,0.0
13.8,ASCENT,0.0,0.0,453.75485692266375,62.571791836396905,0.0,0.0,62.571791836396905,0.0,0.0,1.0,0.0
13.85,ASCENT,0.0,0.0,456.8960267966613,62.82339747149109,0.0,0.0,62.82339747149109,0.0,0.0,1.0,0.0
13.9,ASCENT,0.0,0.0,460.04978650342673,63.075194142087746,0.0,0.0,63.075194142087746,0.0,0.0,1.0,0.0
13.95,ASCENT,0.0,0.0,463.2161455992609,63.3271819154026,0.0,0.0,63.3271819154026,0.0,0.0,1.0,0.0
14.0,ASCENT,0.0,0.0,466.3951136423275,63.579360858704554,0.0,0.0,63.579360858704554,0.0,0.0,1.0,0.0
14.05,ASCENT,0.0,0.0,469.5867001945153,63.831731039316125,0.0,0.0,63.831731039316125,0.0,0.0,1.0,0.0
14.1,ASCENT,0.0,0.0,472.79091482050717,64.08429252461384,0.0,0.0,64.08429252461384,0.0,0.0,1.0,0.0
14.15,ASCENT,0.0,0.0,476.0077670896426,64.3370453820287,0.0,0.0,64.3370453820287,0.0,0.0,1.0,0.0
14.2,ASCENT,0.0,0.0,479.23726657405496,64.5899896790466,0.0,0.0,64.5899896790466,0.0,0.0,1.0,0.0
14.25,ASCENT,0.0,0.0,482.4794228486717,64.84312548320871,0.0,0.0,64.84312548320871,0.0,0.0,1.0,0.0
14.3,ASCENT,0.0,0.0,485.7342454921454,65.096452862112,0.0,0.0,65.096452862112,0.0,0.0,1.0,0.0
14.35,ASCENT,0.0,0.0,489.00174408592284,65.34997188340961,0.0,0.0,65.34997188340961,0.0,0.0,1.0,0.0
14.4,ASCENT,0.0,0.0,492.2819282170385,65.6036826148113,0.0,0.0,65.6036826148113,0.0,0.0,1.0,0.0
14.45,ASCENT,0.0,0.0,495.57480747345835,65.8575851240839,0.0,0.0,65.8575851240839,0.0,0.0,1.0,0.0
14.5,ASCENT,0.0,0.0,498.88039144780487,66.11167947905172,0.0,0.0,66.11167947905172,0.0,0.0,1.0,0.0
14.55,ASCENT,0.0,0.0,502.19868973549455,66.36596574759702,0.0,0.0,66.36596574759702,0.0,0.0,1.0,0.0
14.6,ASCENT,0.0,0.0,505.5297119356692,66.62044399766043,0.0,0.0,66.62044399766043,0.0,0.0,1.0,0.0
14.65,ASCENT,0.0,0.0,508.8734676502645,66.87511429724141,0.0,0.0,66.87511429724141,0.0,0.0,1.0,0.0
14.7,ASCENT,0.0,0.0,512.2299664858729,67.12997671439867,0.0,0.0,67.12997671439867,0.0,0.0,1.0,0.0
14.75,ASCENT,0.0,0.0,515.5992180518806,67.38503131725062,0.0,0.0,67.38503131725062,0.0,0.0,1.0,0.0
14.8,ASCENT,0.0,0.0,518.981231960468,67.64027817397586,0.0,0.0,67.64027817397586,0.0,0.0,1.0,0.0
14.85,ASCENT,0.0,0.0,522.376017828472,67.89571735281355,0.0,0.0,67.89571735281355,0.0,0.0,1.0,0.0
14.9,ASCENT,0.0,0.0,525.783585274592,68.1513489220639,0.0,0.0,68.1513489220639,0.0,0.0,1.0,0.0
14.95,ASCENT,0.0,0.0,529.2039439221844,68.40717295008866,0.0,0.0,68.40717295008866,0.0,0.0,1.0,0.0
15.0,ASCENT,0.0,0.0,532.6371033973992,68.6631895053115,0.0,0.0,68.6631895053115,0.0,0.0,1.0,0.0
15.05,ASCENT,0.0,0.0,536.0830733301118,68.91939865621846,0.0,0.0,68.91939865621846,0.0,0.0,1.0,0.0
15.1,ASCENT,0.0,0.0,539.541863353923,69.17580047135851,0.0,0.0,69.17580047135851,0.0,0.0,1.0,0.0
15.15,ASCENT,0.0,0.0,543.0134831052274,69.43239501934387,0.0,0.0,69.43239501934387,0.0,0.0,1.0,0.0
15.2,ASCENT,0.0,0.0,546.4979422232136,69.68918236885055,0.0,0.0,69.68918236885055,0.0,0.0,1.0,0.0
15.25,ASCENT,0.0,0.0,549.9952503526583,69.94616258861878,0.0,0.0,69.94616258861878,0.0,0.0,1.0,0.0
15.3,ASCENT,0.0,0.0,553.5054171402007,70.20333574745345,0.0,0.0,70.20333574745345,0.0,0.0,1.0,0.0
15.35,ASCENT,0.0,0.0,557.0284522362053,70.46070191422464,0.0,0.0,70.46070191422464,0.0,0.0,1.0,0.0
15.4,ASCENT,0.0,0.0,560.5643652938306,70.718261157868,0.0,0.0,70.718261157868,0.0,0.0,1.0,0.0
15.45,ASCENT,0.0,0.0,564.1131659708917,70.97601354738525,0.0,0.0,70.97601354738525,0.0,0.0,1.0,0.0
15.5,ASCENT,0.0,0.0,567.674863928929,71.23395915184464,0.0,0.0,71.23395915184464,0.0,0.0,1.0,0.0
15.55,ASCENT,0.0,0.0,571.2494688313454,71.49209804038144,0.0,0.0,71.49209804038144,0.0,0.0,1.0,0.0
15.6,ASCENT,0.0,0.0,574.8369903452694,71.75043028219832,0.0,0.0,71.75043028219832,0.0,0.0,1.0,0.0
15.65,ASCENT,0.0,0.0,578.4374381424859,72.00895594656595,0.0,0.0,72.00895594656595,0.0,0.0,1.0,0.0
15.7,ASCENT,0.0,0.0,582.0508218975738,72.26767510282335,0.0,0.0,72.26767510282335,0.0,0.0,1.0,0.0
15.75,ASCENT,0.0,0.0,585.6771512888372,72.52658782037842,0.0,0.0,72.52658782037842,0.0,0.0,1.0,0.0
15.8,ASCENT,0.0,0.0,589.3164359973744,72.78569416870842,0.0,0.0,72.78569416870842,0.0,0.0,1.0,0.0
15.85,ASCENT,0.0,0.0,592.9686857080087,73.04499421736038,0.0,0.0,73.04499421736038,0.0,0.0,1.0,0.0
15.9,ASCENT,0.0,0.0,596.6339101102203,73.30448803595165,0.0,0.0,73.30448803595165,0.0,0.0,1.0,0.0
15.95,ASCENT,0.0,0.0,600.3121188953519,73.5641756941703,0.0,0.0,73.5641756941703,0.0,0.0,1.0,0.0
16.0,ASCENT,0.0,0.0,604.0033217584714,73.82405726177569,0.0,0.0,73.82405726177569,0.0,0.0,1.0,0.0
16.05,ASCENT,0.0,0.0,607.7075283993036,74.08413280859885,0.0,0.0,74.08413280859885,0.0,0.0,1.0,0.0
16.1,ASCENT,0.0,0.0,611.4247485194355,74.34440240454302,0.0,0.0,74.34440240454302,0.0,0.0,1.0,0.0
16.15,ASCENT,0.0,0.0,615.1549918251112,74.6048661195841,0.0,0.0,74.6048661195841,0.0,0.0,1.0,0.0
16.2,ASCENT,0.0,0.0,618.8982680262998,74.86552402377116,0.0,0.0,74.86552402377116,0.0,0.0,1.0,0.0
16.25,ASCENT,0.0,0.0,622.6545868357643,75.1263761872269,0.0,0.0,75.1263761872269,0.0,0.0,1.0,0.0
16.3,ASCENT,0.0,0.0,626.4239579699934,75.38742268014812,0.0,0.0,75.38742268014812,0.0,0.0,1.0,0.0
16.35,ASCENT,0.0,0.0,630.2063911482692,75.64866357280626,0.0,0.0,75.64866357280626,0.0,0.0,1.0,0.0
16.4,ASCENT,0.0,0.0,634.0018960954621,75.91009893554781,0.0,0.0,75.91009893554781,0.0,0.0,1.0,0.0
16.45,ASCENT,0.0,0.0,637.8104825373739,76.17172883879486,0.0,0.0,76.17172883879486,0.0,0.0,1.0,0.0
16.5,ASCENT,0.0,0.0,641.632160205394,76.43355335304558,0.0,0.0,76.43355335304558,0.0,0.0,1.0,0.0
16.55,ASCENT,0.0,0.0,645.4669388327748,76.69557254887467,0.0,0.0,76.69557254887467,0.0,0.0,1.0,0.0
16.6,ASCENT,0.0,0.0,649.3148281574249,76.95778649693386,0.0,0.0,76.95778649693386,0.0,0.0,1.0,0.0
16.65,ASCENT,0.0,0.0,653.1758379209787,77.22019526795246,0.0,0.0,77.22019526795246,0.0,0.0,1.0,0.0
16.7,ASCENT,0.0,0.0,657.0499778678641,77.4827989327378,0.0,0.0,77.4827989327378,0.0,0.0,1.0,0.0
16.75,ASCENT,0.0,0.0,660.9372577462345,77.7455975621757,0.0,0.0,77.7455975621757,0.0,0.0,1.0,0.0
16.8,ASCENT,0.0,0.0,664.8376873079687,78.00859122723107,0.0,0.0,78.00859122723107,0.0,0.0,1.0,0.0
16.85,ASCENT,0.0,0.0,668.7512763077393,78.27177999894826,0.0,0.0,78.27177999894826,0.0,0.0,1.0,0.0
16.9,ASCENT,0.0,0.0,672.6780345048755,78.5351639484517,0.0,0.0,78.5351639484517,0.0,0.0,1.0,0.0
16.95,ASCENT,0.0,0.0,676.617971662432,78.7987431469463,0.0,0.0,78.7987431469463,0.0,0.0,1.0,0.0
17.0,ASCENT,0.0,0.0,680.5710975453258,79.06251766571799,0.0,0.0,79.06251766571799,0.0,0.0,1.0,0.0
17.05,ASCENT,0.0,0.0,684.5374219240621,79.32648757613423,0.0,0.0,79.32648757613423,0.0,0.0,1.0,0.0
17.1,ASCENT,0.0,0.0,688.51695457194,79.5906529496445,0.0,0.0,79.5906529496445,0.0,0.0,1.0,0.0
17.15,ASCENT,0.0,0.0,692.5097052650526,79.85501385778078,0.0,0.0,79.85501385778078,0.0,0.0,1.0,0.0
17.2,ASCENT,0.0,0.0,696.5156837832183,80.11957037215811,0.0,0.0,80.11957037215811,0.0,0.0,1.0,0.0
17.25,ASCENT,0.0,0.0,700.5348999118432,80.38432256447506,0.0,0.0,80.38432256447506,0.0,0.0,1.0,0.0
17.3,ASCENT,0.0,0.0,704.5673634372652,80.64927050651421,0.0,0.0,80.64927050651421,0.0,0.0,1.0,0.0
17.35,ASCENT,0.0,0.0,708.6130841504782,80.91441427014276,0.0,0.0,80.91441427014276,0.0,0.0,1.0,0.0
17.4,ASCENT,0.0,0.0,712.6720718471333,81.17975392731289,0.0,0.0,81.17975392731289,0.0,0.0,1.0,0.0
17.45,ASCENT,0.0,0.0,716.7443363247439,81.44528955006241,0.0,0.0,81.44528955006241,0.0,0.0,1.0,0.0
17.5,ASCENT,0.0,0.0,720.8298873854801,81.7110212105152,0.0,0.0,81.7110212105152,0.0,0.0,1.0,0.0
17.55,ASCENT,0.0,0.0,724.9287348343059,81.97694898088173,0.0,0.0,81.97694898088173,0.0,0.0,1.0,0.0
17.6,ASCENT,0.0,0.0,729.0408884808421,82.24307293345959,0.0,0.0,82.24307293345959,0.0,0.0,1.0,0.0
17.65,ASCENT,0.0,0.0,733.1663581375033,82.50939314063399,0.0,0.0,82.50939314063399,0.0,0.0,1.0,0.0
17.7,ASCENT,0.0,0.0,737.3051536213607,82.77590967487829,0.0,0.0,82.77590967487829,0.0,0.0,1.0,0.0
17.75,ASCENT,0.0,0.0,741.4572847513482,83.04262260875451,0.0,0.0,83.04262260875451,0.0,0.0,1.0,0.0
17.8,ASCENT,0.0,0.0,745.6227613519877,83.30953201491387,0.0,0.0,83.30953201491387,0.0,0.0,1.0,0.0
17.85,ASCENT,0.0,0.0,749.801593250595,83.57663796609725,0.0,0.0,83.57663796609725,0.0,0.0,1.0,0.0
17.9,ASCENT,0.0,0.0,753.9937902772799,83.84394053513579,0.0,0.0,83.84394053513579,0.0,0.0,1.0,0.0
17.95,ASCENT,0.0,0.0,758.1993622668087,84.11143979495134,0.0,0.0,84.11143979495134,0.0,0.0,1.0,0.0
18.0,ASCENT,0.0,0.0,762.4183190576732,84.37913581855706,0.0,0.0,84.37913581855706,0.0,0.0,1.0,0.0
18.05,ASCENT,0.0,0.0,766.6506704920903,84.64702867905787,0.0,0.0,84.64702867905787,0.0,0.0,1.0,0.0
18.1,ASCENT,0.0,0.0,770.8964264141396,84.91511844965103,0.0,0.0,84.91511844965103,0.0,0.0,1.0,0.0
18.15,ASCENT,0.0,0.0,775.1555966744199,85.18340520362663,0.0,0.0,85.18340520362663,0.0,0.0,1.0,0.0
18.2,ASCENT,0.0,0.0,779.4281911253929,85.45188901436813,0.0,0.0,85.45188901436813,0.0,0.0,1.0,0.0
18.25,ASCENT,0.0,0.0,783.7142196232453,85.72056995535291,0.0,0.0,85.72056995535291,0.0,0.0,1.0,0.0
18.3,ASCENT,0.0,0.0,788.0136920278892,85.98944810015277,0.0,0.0,85.98944810015277,0.0,0.0,1.0,0.0
18.35,ASCENT,0.0,0.0,792.3266182038933,86.25852352243447,0.0,0.0,86.25852352243447,0.0,0.0,1.0,0.0
18.4,ASCENT,0.0,0.0,796.6530080186203,86.52779629596027,0.0,0.0,86.52779629596027,0.0,0.0,1.0,0.0
18.45,ASCENT,0.0,0.0,800.9928713431582,86.79726649458847,0.0,0.0,86.79726649458847,0.0,0.0,1.0,0.0
18.5,ASCENT,0.0,0.0,805.3462180523202,87.0669341922739,0.0,0.0,87.0669341922739,0.0,0.0,1.0,0.0
18.55,ASCENT,0.0,0.0,809.7130580255762,87.33679946306854,0.0,0.0,87.33679946306854,0.0,0.0,1.0,0.0
18.6,ASCENT,0.0,0.0,814.0934011442587,87.60686238112196,0.0,0.0,87.60686238112196,0.0,0.0,1.0,0.0
18.65,ASCENT,0.0,0.0,818.4872572952881,87.87712302068192,0.0,0.0,87.87712302068192,0.0,0.0,1.0,0.0
18.7,ASCENT,0.0,0.0,822.894636368379,88.1475814560949,0.0,0.0,88.1475814560949,0.0,0.0,1.0,0.0
18.75,ASCENT,0.0,0.0,827.3155482560396,88.41823776180661,0.0,0.0,88.41823776180661,0.0,0.0,1.0,0.0
18.8,ASCENT,0.0,0.0,831.7500028563663,88.68909201236258,0.0,0.0,88.68909201236258,0.0,0.0,1.0,0.0
18.85,ASCENT,0.0,0.0,836.1980100702494,88.96014428240865,0.0,0.0,88.96014428240865,0.0,0.0,1.0,0.0
18.9,ASCENT,0.0,0.0,840.6595798023045,89.23139464669156,0.0,0.0,89.23139464669156,0.0,0.0,1.0,0.0
18.95,ASCENT,0.0,0.0,845.1347219608724,89.50284318005944,0.0,0.0,89.50284318005944,0.0,0.0,1.0,0.0
19.0,ASCENT,0.0,0.0,849.6234464589506,89.77448995746242,0.0,0.0,89.77448995746242,0.0,0.0,1.0,0.0
19.05,ASCENT,0.0,0.0,854.1257632113993,90.04633505395313,0.0,0.0,90.04633505395313,0.0,0.0,1.0,0.0
19.1,ASCENT,0.0,0.0,858.6416821386665,90.31837854468726,0.0,0.0,90.31837854468726,0.0,0.0,1.0,0.0
19.15,ASCENT,0.0,0.0,863.1712131639943,90.5906205049241,0.0,0.0,90.5906205049241,0.0,0.0,1.0,0.0
19.2,ASCENT,0.0,0.0,867.7143662143499,90.86306101002711,0.0,0.0,90.86306101002711,0.0,0.0,1.0,0.0
19.25,ASCENT,0.0,0.0,872.2711512213573,91.13570013546445,0.0,0.0,91.13570013546445,0.0,0.0,1.0,0.0
19.3,ASCENT,0.0,0.0,876.8415781194344,91.40853795680954,0.0,0.0,91.40853795680954,0.0,0.0,1.0,0.0
19.35,ASCENT,0.0,0.0,881.4256568467245,91.68157454974161,0.0,0.0,91.68157454974161,0.0,0.0,1.0,0.0
19.4,ASCENT,0.0,0.0,886.0233973460272,91.95480999004626,0.0,0.0,91.95480999004626,0.0,0.0,1.0,0.0
19.45,ASCENT,0.0,0.0,890.6348095638677,92.22824435361599,0.0,0.0,92.22824435361599,0.0,0.0,1.0,0.0
19.5,ASCENT,0.0,0.0,895.2599034495652,92.50187771645082,0.0,0.0,92.50187771645082,0.0,0.0,1.0,0.0
19.55,ASCENT,0.0,0.0,899.8986889570951,92.77571015465875,0.0,0.0,92.77571015465875,0.0,0.0,1.0,0.0
19.6,ASCENT,0.0,0.0,904.5511760441586,93.0497417444564,0.0,0.0,93.0497417444564,0.0,0.0,1.0,0.0
19.65,ASCENT,0.0,0.0,909.2173746721819,93.3239725621695,0.0,0.0,93.3239725621695,0.0,0.0,1.0,0.0
19.7,ASCENT,0.0,0.0,913.8972948063165,93.59840268423353,0.0,0.0,93.59840268423353,0.0,0.0,1.0,0.0
19.75,ASCENT,0.0,0.0,918.5909464154392,93.87303218719421,0.0,0.0,93.87303218719421,0.0,0.0,1.0,0.0
19.8,ASCENT,0.0,0.0,923.2983394730836,94.1478611477081,0.0,0.0,94.1478611477081,0.0,0.0,1.0,0.0
19.85,ASCENT,0.0,0.0,928.019483955577,94.42288964254314,0.0,0.0,94.42288964254314,0.0,0.0,1.0,0.0
19.9,ASCENT,0.0,0.0,932.7543898429722,94.69811774857922,0.0,0.0,94.69811774857922,0.0,0.0,1.0,0.0
19.95,ASCENT,0.0,0.0,937.5030671199784,94.97354554280875,0.0,0.0,94.97354554280875,0.0,0.0,1.0,0.0
20.0,ASCENT,0.0,0.0,942.2655257750303,95.24917310233724,0.0,0.0,95.24917310233724,0.0,0.0,1.0,0.0
20.05,ASCENT,0.0,0.0,947.0417758002877,95.52500050438381,0.0,0.0,95.52500050438381,0.0,0.0,1.0,0.0
20.1,ASCENT,0.0,0.0,951.831827191636,95.80102782628184,0.0,0.0,95.80102782628184,0.0,0.0,1.0,0.0
20.15,ASCENT,0.0,0.0,956.6356899486855,96.07725514547946,0.0,0.0,96.07725514547946,0.0,0.0,1.0,0.0
20.2,ASCENT,0.0,0.0,961.4533740757033,96.35368253954016,0.0,0.0,96.35368253954016,0.0,0.0,1.0,0.0
20.25,ASCENT,0.0,0.0,966.2848895797506,96.63031008614337,0.0,0.0,96.63031008614337,0.0,0.0,1.0,0.0
20.3,ASCENT,0.0,0.0,971.130246472545,96.907137863085,0.0,0.0,96.907137863085,0.0,0.0,1.0,0.0
20.35,ASCENT,0.0,0.0,975.9894547695294,97.18416594827802,0.0,0.0,97.18416594827802,0.0,0.0,1.0,0.0
20.4,ASCENT,0.0,0.0,980.8625244908035,97.46139441975305,0.0,0.0,97.46139441975305,0.0,0.0,1.0,0.0
20.45,ASCENT,0.0,0.0,985.7494656583294,97.7388233556589,0.0,0.0,97.7388233556589,0.0,0.0,1.0,0.0
20.5,ASCENT,0.0,0.0,990.6502882996574,98.01645283426319,0.0,0.0,98.01645283426319,0.0,0.0,1.0,0.0
20.55,ASCENT,0.0,0.0,995.5650024460629,98.2942829339529,0.0,0.0,98.2942829339529,0.0,0.0,1.0,0.0
20.6,ASCENT,0.0,0.0,1000.4936181325465,98.57231373323492,0.0,0.0,98.57231373323492,0.0,0.0,1.0,0.0
20.65,ASCENT,0.0,0.0,1005.4361453978345,98.85054531073669,0.0,0.0,98.85054531073669,0.0,0.0,1.0,0.0
20.7,ASCENT,0.0,0.0,1010.3925942853093,99.12897774520674,0.0,0.0,99.12897774520674,0.0,0.0,1.0,0.0
20.75,ASCENT,0.0,0.0,1015.3629748411477,99.40761111551525,0.0,0.0,99.40761111551525,0.0,0.0,1.0,0.0
20.8,ASCENT,0.0,0.0,1020.3472971161827,99.68644550065467,0.0,0.0,99.68644550065467,0.0,0.0,1.0,0.0
20.85,ASCENT,0.0,0.0,1025.345571164973,99.96548097974028,0.0,0.0,99.96548097974028,0.0,0.0,1.0,0.0
20.9,ASCENT,0.0,0.0,1030.3578070467338,100.24471763201076,0.0,0.0,100.24471763201076,0.0,0.0,1.0,0.0
20.95,ASCENT,0.0,0.0,1035.384014823474,100.52415553682883,0.0,0.0,100.52415553682883,0.0,0.0,1.0,0.0
21.0,ASCENT,0.0,0.0,1040.4242045618594,100.80379477368174,0.0,0.0,100.80379477368174,0.0,0.0,1.0,0.0
21.05,ASCENT,0.0,0.0,1045.4783863332123,101.08363542218196,0.0,0.0,101.08363542218196,0.0,0.0,1.0,0.0
21.1,ASCENT,0.0,0.0,1050.546570211649,101.36367756206766,0.0,0.0,101.36367756206766,0.0,0.0,1.0,0.0
21.15,ASCENT,0.0,0.0,1055.628766275011,101.64392127320339,0.0,0.0,101.64392127320339,0.0,0.0,1.0,0.0
21.2,ASCENT,0.0,0.0,1060.724984606728,101.9243666355806,0.0,0.0,101.9243666355806,0.0,0.0,1.0,0.0
21.25,ASCENT,0.0,0.0,1065.8352352930233,102.20501372931824,0.0,0.0,102.20501372931824,0.0,0.0,1.0,0.0
21.3,ASCENT,0.0,0.0,1070.959528424777,102.4858626346634,0.0,0.0,102.4858626346634,0.0,0.0,1.0,0.0
21.35,ASCENT,0.0,0.0,1076.0978740965948,102.76691343199184,0.0,0.0,102.76691343199184,0.0,0.0,1.0,0.0
21.4,ASCENT,0.0,0.0,1081.250282406807,103.0481662018086,0.0,0.0,103.0481662018086,0.0,0.0,1.0,0.0
21.45,ASCENT,0.0,0.0,1086.416763458401,103.32962102474859,0.0,0.0,103.32962102474859,0.0,0.0,1.0,0.0
21.5,ASCENT,0.0,0.0,1091.597327357158,103.61127798157719,0.0,0.0,103.61127798157719,0.0,0.0,1.0,0.0
21.55,ASCENT,0.0,0.0,1096.7919842144474,103.89313715319084,0.0,0.0,103.89313715319084,0.0,0.0,1.0,0.0
21.6,ASCENT,0.0,0.0,1102.0007441453636,104.17519862061762,0.0,0.0,104.17519862061762,0.0,0.0,1.0,0.0
21.65,ASCENT,0.0,0.0,1107.2236172687262,104.45746246501787,0.0,0.0,104.45746246501787,0.0,0.0,1.0,0.0
21.7,ASCENT,0.0,0.0,1112.4606137070805,104.73992876768477,0.0,0.0,104.73992876768477,0.0,0.0,1.0,0.0
21.75,ASCENT,0.0,0.0,1117.711743587628,105.02259761004493,0.0,0.0,105.02259761004493,0.0,0.0,1.0,0.0
21.8,ASCENT,0.0,0.0,1122.9770170412958,105.30546907365898,0.0,0.0,105.30546907365898,0.0,0.0,1.0,0.0
21.85,ASCENT,0.0,0.0,1128.2564442036673,105.58854324022221,0.0,0.0,105.58854324022221,0.0,0.0,1.0,0.0
21.9,ASCENT,0.0,0.0,1133.5500352131203,105.87182019156512,0.0,0.0,105.87182019156512,0.0,0.0,1.0,0.0
21.95,ASCENT,0.0,0.0,1138.85780021362,106.15530000965404,0.0,0.0,106.15530000965404,0.0,0.0,1.0,0.0
22.0,ASCENT,0.0,0.0,1144.1797493528575,106.43898277659174,0.0,0.0,106.43898277659174,0.0,0.0,1.0,0.0
22.05,ASCENT,0.0,0.0,1149.5158927813172,106.72286857461802,0.0,0.0,106.72286857461802,0.0,0.0,1.0,0.0
22.1,ASCENT,0.0,0.0,1154.8662406560034,107.0069574861103,0.0,0.0,107.0069574861103,0.0,0.0,1.0,0.0
22.15,ASCENT,0.0,0.0,1160.2308031357825,107.29124959358424,0.0,0.0,107.29124959358424,0.0,0.0,1.0,0.0
22.2,ASCENT,0.0,0.0,1165.6095903851092,107.57574497969433,0.0,0.0,107.57574497969433,0.0,0.0,1.0,0.0
22.25,ASCENT,0.0,0.0,1171.002612571232,107.86044372723453,0.0,0.0,107.86044372723453,0.0,0.0,1.0,0.0
22.3,ASCENT,0.0,0.0,1176.4098798669875,108.1453459191388,0.0,0.0,108.1453459191388,0.0,0.0,1.0,0.0
22.35,ASCENT,0.0,0.0,1181.8314024489373,108.43045163848178,0.0,0.0,108.43045163848178,0.0,0.0,1.0,0.0
22.4,ASCENT,0.0,0.0,1187.2671904973686,108.71576096847937,0.0,0.0,108.71576096847937,0.0,0.0,1.0,0.0
22.45,ASCENT,0.0,0.0,1192.717254197225,109.00127399248932,0.0,0.0,109.00127399248932,0.0,0.0,1.0,0.0
22.5,ASCENT,0.0,0.0,1198.1816037371755,109.28699079401184,0.0,0.0,109.28699079401184,0.0,0.0,1.0,0.0
22.55,ASCENT,0.0,0.0,1203.6602493096143,109.57291145669025,0.0,0.0,109.57291145669025,0.0,0.0,1.0,0.0
22.6,ASCENT,0.0,0.0,1209.1532011125237,109.85903606431154,0.0,0.0,109.85903606431154,0.0,0.0,1.0,0.0
22.65,ASCENT,0.0,0.0,1214.660469347611,110.145364700807,0.0,0.0,110.145364700807,0.0,0.0,1.0,0.0
22.7,ASCENT,0.0,0.0,1220.1820642203093,110.43189745025282,0.0,0.0,110.43189745025282,0.0,0.0,1.0,0.0
22.75,ASCENT,0.0,0.0,1225.7179959397763,110.71863439687073,0.0,0.0,110.71863439687073,0.0,0.0,1.0,0.0
22.8,ASCENT,0.0,0.0,1231.2682747207582,111.00557562502856,0.0,0.0,111.00557562502856,0.0,0.0,1.0,0.0
22.85,ASCENT,0.0,0.0,1236.8329107817262,111.2927212192409,0.0,0.0,111.2927212192409,0.0,0.0,1.0,0.0
22.9,ASCENT,0.0,0.0,1242.411914344877,111.58007126416972,0.0,0.0,111.58007126416972,0.0,0.0,1.0,0.0
22.95,ASCENT,0.0,0.0,1248.0052956370637,111.86762584462491,0.0,0.0,111.86762584462491,0.0,0.0,1.0,0.0
23.0,ASCENT,0.0,0.0,1253.613064889796,112.15538504556498,0.0,0.0,112.15538504556498,0.0,0.0,1.0,0.0
23.05,ASCENT,0.0,0.0,1259.235232337378,112.44334895209765,0.0,0.0,112.44334895209765,0.0,0.0,1.0,0.0
23.1,ASCENT,0.0,0.0,1264.871808219701,112.73151764948041,0.0,0.0,112.73151764948041,0.0,0.0,1.0,0.0
23.15,ASCENT,0.0,0.0,1270.5228027813137,113.01989122312122,0.0,0.0,113.01989122312122,0.0,0.0,1.0,0.0
23.2,ASCENT,0.0,0.0,1276.188226269558,113.30846975857907,0.0,0.0,113.30846975857907,0.0,0.0,1.0,0.0
23.25,ASCENT,0.0,0.0,1281.8680889364332,113.59725334156462,0.0,0.0,113.59725334156462,0.0,0.0,1.0,0.0
23.3,ASCENT,0.0,0.0,1287.5624010395259,113.88624205794082,0.0,0.0,113.88624205794082,0.0,0.0,1.0,0.0
23.35,ASCENT,0.0,0.0,1293.271172839217,114.17543599372353,0.0,0.0,114.17543599372353,0.0,0.0,1.0,0.0
23.4,ASCENT,0.0,0.0,1298.9944146005437,114.4648352350821,0.0,0.0,114.4648352350821,0.0,0.0,1.0,0.0
23.45,ASCENT,0.0,0.0,1304.7321365941316,114.75443986834007,0.0,0.0,114.75443986834007,0.0,0.0,1.0,0.0
23.5,ASCENT,0.0,0.0,1310.4843490934,115.0442499799757,0.0,0.0,115.0442499799757,0.0,0.0,1.0,0.0
23.55,ASCENT,0.0,0.0,1316.2510623764247,115.33426565662268,0.0,0.0,115.33426565662268,0.0,0.0,1.0,0.0
23.6,ASCENT,0.0,0.0,1322.0322867259383,115.62448698507065,0.0,0.0,115.62448698507065,0.0,0.0,1.0,0.0
23.65,ASCENT,0.0,0.0,1327.8280324283987,115.91491405226593,0.0,0.0,115.91491405226593,0.0,0.0,1.0,0.0
23.7,ASCENT,0.0,0.0,1333.6383097758517,116.20554694531208,0.0,0.0,116.20554694531208,0.0,0.0,1.0,0.0
23.75,ASCENT,0.0,0.0,1339.4631290631369,116.49638575147053,0.0,0.0,116.49638575147053,0.0,0.0,1.0,0.0
23.8,ASCENT,0.0,0.0,1345.302500590682,116.78743055816122,0.0,0.0,116.78743055816122,0.0,0.0,1.0,0.0
23.85,ASCENT,0.0,0.0,1351.1564346635714,117.0786814529632,0.0,0.0,117.0786814529632,0.0,0.0,1.0,0.0
23.9,ASCENT,0.0,0.0,1357.0249415896833,117.37013852361528,0.0,0.0,117.37013852361528,0.0,0.0,1.0,0.0
23.95,ASCENT,0.0,0.0,1362.9080316824839,117.66180185801666,0.0,0.0,117.66180185801666,0.0,0.0,1.0,0.0
24.0,ASCENT,0.0,0.0,1368.805715260096,117.95367154422753,0.0,0.0,117.95367154422753,0.0,0.0,1.0,0.0
24.05,ASCENT,0.0,0.0,1374.7180026434362,118.24574767046973,0.0,0.0,118.24574767046973,0.0,0.0,1.0,0.0
24.1,ASCENT,0.0,0.0,1380.6449041599408,118.53803032512731,0.0,0.0,118.53803032512731,0.0,0.0,1.0,0.0
24.15,ASCENT,0.0,0.0,1386.5864301398396,118.83051959674727,0.0,0.0,118.83051959674727,0.0,0.0,1.0,0.0
24.2,ASCENT,0.0,0.0,1392.5425909189507,119.12321557404007,0.0,0.0,119.12321557404007,0.0,0.0,1.0,0.0
24.25,ASCENT,0.0,0.0,1398.513396835886,119.41611834588038,0.0,0.0,119.41611834588038,0.0,0.0,1.0,0.0
24.3,ASCENT,0.0,0.0,1404.4988582357764,119.70922800130758,0.0,0.0,119.70922800130758,0.0,0.0,1.0,0.0
24.35,ASCENT,0.0,0.0,1410.4989854674786,120.0025446295265,0.0,0.0,120.0025446295265,0.0,0.0,1.0,0.0
24.4,ASCENT,0.0,0.0,1416.5137888835743,120.29606831990797,0.0,0.0,120.29606831990797,0.0,0.0,1.0,0.0
24.45,ASCENT,0.0,0.0,1422.5432788413018,120.58979916198952,0.0,0.0,120.58979916198952,0.0,0.0,1.0,0.0
24.5,ASCENT,0.0,0.0,1428.5874657034874,120.88373724547596,0.0,0.0,120.88373724547596,0.0,0.0,1.0,0.0
24.55,ASCENT,0.0,0.0,1434.6463598366827,121.17788266024003,0.0,0.0,121.17788266024003,0.0,0.0,1.0,0.0
24.6,ASCENT,0.0,0.0,1440.7199716111645,121.47223549632307,0.0,0.0,121.47223549632307,0.0,0.0,1.0,0.0
24.65,ASCENT,0.0,0.0,1446.808311403729,121.76679584393555,0.0,0.0,121.76679584393555,0.0,0.0,1.0,0.0
24.7,ASCENT,0.0,0.0,1452.911389593035,122.06156379345784,0.0,0.0,122.06156379345784,0.0,0.0,1.0,0.0
24.75,ASCENT,0.0,0.0,1459.0292165651917,122.35653943544072,0.0,0.0,122.35653943544072,0.0,0.0,1.0,0.0
24.8,ASCENT,0.0,0.0,1465.1618027081713,122.65172286060613,0.0,0.0,122.65172286060613,0.0,0.0,1.0,0.0
24.85,ASCENT,0.0,0.0,1471.309158416465,122.94711415984767,0.0,0.0,122.94711415984767,0.0,0.0,1.0,0.0
24.9,ASCENT,0.0,0.0,1477.4712940873578,123.24271342423138,0.0,0.0,123.24271342423138,0.0,0.0,1.0,0.0
24.95,ASCENT,0.0,0.0,1483.6482201246545,123.53852074499626,0.0,0.0,123.53852074499626,0.0,0.0,1.0,0.0
25.0,ASCENT,0.0,0.0,1489.8399469349533,123.83453621355498,0.0,0.0,123.83453621355498,0.0,0.0,1.0,0.0
25.05,ASCENT,0.0,0.0,1496.046484931372,124.13075992149449,0.0,0.0,124.13075992149449,0.0,0.0,1.0,0.0
25.1,ASCENT,0.0,0.0,1502.2678445298225,124.42719196057662,0.0,0.0,124.42719196057662,0.0,0.0,1.0,0.0
25.15,ASCENT,0.0,0.0,1508.5040361508727,124.7238324227388,0.0,0.0,124.7238324227388,0.0,0.0,1.0,0.0
25.2,ASCENT,0.0,0.0,1514.755070220679,125.02068140009462,0.0,0.0,125.02068140009462,0.0,0.0,1.0,0.0
25.25,ASCENT,0.0,0.0,1521.0209571700543,125.31773898493452,0.0,0.0,125.31773898493452,0.0,0.0,1.0,0.0
25.3,ASCENT,0.0,0.0,1527.3017074335366,125.61500526972641,0.0,0.0,125.61500526972641,0.0,0.0,1.0,0.0
25.35,ASCENT,0.0,0.0,1533.597331451252,125.9124803471163,0.0,0.0,125.9124803471163,0.0,0.0,1.0,0.0
25.4,ASCENT,0.0,0.0,1539.907839667052,126.21016430992894,0.0,0.0,126.21016430992894,0.0,0.0,1.0,0.0
25.45,ASCENT,0.0,0.0,1546.2332425294444,126.5080572511685,0.0,0.0,126.5080572511685,0.0,0.0,1.0,0.0
25.5,ASCENT,0.0,0.0,1552.573550492525,126.80615926401914,0.0,0.0,126.80615926401914,0.0,0.0,1.0,0.0
25.55,ASCENT,0.0,0.0,1558.9287740150467,127.10447044184573,0.0,0.0,127.10447044184573,0.0,0.0,1.0,0.0
25.6,ASCENT,0.0,0.0,1565.2989235585555,127.40299087819443,0.0,0.0,127.40299087819443,0.0,0.0,1.0,0.0
25.65,ASCENT,0.0,0.0,1571.6840095920488,127.70172066679334,0.0,0.0,127.70172066679334,0.0,0.0,1.0,0.0
25.7,ASCENT,0.0,0.0,1578.0840425873175,128.00065990155318,0.0,0.0,128.00065990155318,0.0,0.0,1.0,0.0
25.75,ASCENT,0.0,0.0,1584.4990330208093,128.29980867656786,0.0,0.0,128.29980867656786,0.0,0.0,1.0,0.0
25.8,ASCENT,0.0,0.0,1590.928991375491,128.59916708611524,0.0,0.0,128.59916708611524,0.0,0.0,1.0,0.0
25.85,ASCENT,0.0,0.0,1597.3739281371236,128.89873522465766,0.0,0.0,128.89873522465766,0.0,0.0,1.0,0.0
25.9,ASCENT,0.0,0.0,1603.8338537961245,129.1985131868426,0.0,0.0,129.1985131868426,0.0,0.0,1.0,0.0
25.95,ASCENT,0.0,0.0,1610.3087788494304,129.4985010675034,0.0,0.0,129.4985010675034,0.0,0.0,1.0,0.0
26.0,ASCENT,0.0,0.0,1616.7987137977034,129.79869896165985,0.0,0.0,129.79869896165985,0.0,0.0,1.0,0.0
26.05,ASCENT,0.0,0.0,1623.303669146262,130.09910696451877,0.0,0.0,130.09910696451877,0.0,0.0,1.0,0.0
26.1,ASCENT,0.0,0.0,1629.8236554050818,130.39972517147478,0.0,0.0,130.39972517147478,0.0,0.0,1.0,0.0
26.15,ASCENT,0.0,0.0,1636.3586830887944,130.70055367811085,0.0,0.0,130.70055367811085,0.0,0.0,1.0,0.0
26.2,ASCENT,0.0,0.0,1642.9087627176195,131.001592580199,0.0,0.0,131.001592580199,0.0,0.0,1.0,0.0
26.25,ASCENT,0.0,0.0,1649.4739048164338,131.30284197370094,0.0,0.0,131.30284197370094,0.0,0.0,1.0,0.0
26.3,ASCENT,0.0,0.0,1656.0541199138388,131.60430195476866,0.0,0.0,131.60430195476866,0.0,0.0,1.0,0.0
26.35,ASCENT,0.0,0.0,1662.6494185449556,131.90597261974517,0.0,0.0,131.90597261974517,0.0,0.0,1.0,0.0
26.4,ASCENT,0.0,0.0,1669.2598112486303,132.20785406516504,0.0,0.0,132.20785406516504,0.0,0.0,1.0,0.0
26.45,ASCENT,0.0,0.0,1675.8853085683659,132.5099463877551,0.0,0.0,132.5099463877551,0.0,0.0,1.0,0.0
26.5,ASCENT,0.0,0.0,1682.5259210523218,132.81224968443507,0.0,0.0,132.81224968443507,0.0,0.0,1.0,0.0
26.55,ASCENT,0.0,0.0,1689.1816592551768,133.11476405231832,0.0,0.0,133.11476405231832,0.0,0.0,1.0,0.0
26.6,ASCENT,0.0,0.0,1695.8525337344036,133.4174895887123,0.0,0.0,133.4174895887123,0.0,0.0,1.0,0.0
26.65,ASCENT,0.0,0.0,1702.538555053994,133.72042639111936,0.0,0.0,133.72042639111936,0.0,0.0,1.0,0.0
26.7,ASCENT,0.0,0.0,1709.2397337816656,134.0235745572373,0.0,0.0,134.0235745572373,0.0,0.0,1.0,0.0
26.75,ASCENT,0.0,0.0,1715.9560804907233,134.32693418496015,0.0,0.0,134.32693418496015,0.0,0.0,1.0,0.0
26.8,ASCENT,0.0,0.0,1722.687605759129,134.63050537237862,0.0,0.0,134.63050537237862,0.0,0.0,1.0,0.0
26.85,ASCENT,0.0,0.0,1729.4343201704323,134.93428821778093,0.0,0.0,134.93428821778093,0.0,0.0,1.0,0.0
26.9,ASCENT,0.0,0.0,1736.1962343109772,135.23828281965334,0.0,0.0,135.23828281965334,0.0,0.0,1.0,0.0
26.95,ASCENT,0.0,0.0,1742.9733587745577,135.54248927668084,0.0,0.0,135.54248927668084,0.0,0.0,1.0,0.0
27.0,ASCENT,0.0,0.0,1749.7657041586936,135.84690768774786,0.0,0.0,135.84690768774786,0.0,0.0,1.0,0.0
27.05,ASCENT,0.0,0.0,1756.5732810664922,136.15153815193878,0.0,0.0,136.15153815193878,0.0,0.0,1.0,0.0
27.1,ASCENT,0.0,0.0,1763.3961001047865,136.45638076853868,0.0,0.0,136.45638076853868,0.0,0.0,1.0,0.0
27.15,ASCENT,0.0,0.0,1770.2341718869284,136.761435637034,0.0,0.0,136.761435637034,0.0,0.0,1.0,0.0
27.2,ASCENT,0.0,0.0,1777.0875070299953,137.0667028571131,0.0,0.0,137.0667028571131,0.0,0.0,1.0,0.0
27.25,ASCENT,0.0,0.0,1783.9561161566526,137.37218252866703,0.0,0.0,137.37218252866703,0.0,0.0,1.0,0.0
27.3,ASCENT,0.0,0.0,1790.840009894222,137.67787475179003,0.0,0.0,137.67787475179003,0.0,0.0,1.0,0.0
27.35,ASCENT,0.0,0.0,1797.7391988756135,137.98377962678032,0.0,0.0,137.98377962678032,0.0,0.0,1.0,0.0
27.4,ASCENT,0.0,0.0,1804.6536937383935,138.2898972541407,0.0,0.0,138.2898972541407,0.0,0.0,1.0,0.0
27.45,ASCENT,0.0,0.0,1811.583505124785,138.59622773457914,0.0,0.0,138.59622773457914,0.0,0.0,1.0,0.0
27.5,ASCENT,0.0,0.0,1818.5286436835304,138.90277116900955,0.0,0.0,138.90277116900955,0.0,0.0,1.0,0.0
27.55,ASCENT,0.0,0.0,1825.489120066166,139.2095276585523,0.0,0.0,139.2095276585523,0.0,0.0,1.0,0.0
27.6,ASCENT,0.0,0.0,1832.4649449316785,139.51649730453494,0.0,0.0,139.51649730453494,0.0,0.0,1.0,0.0
27.65,ASCENT,0.0,0.0,1839.4561289418489,139.82368020849287,0.0,0.0,139.82368020849287,0.0,0.0,1.0,0.0
27.7,ASCENT,0.0,0.0,1846.4626827659085,140.13107647216995,0.0,0.0,140.13107647216995,0.0,0.0,1.0,0.0
27.75,ASCENT,0.0,0.0,1853.4846170758829,140.43868619751913,0.0,0.0,140.43868619751913,0.0,0.0,1.0,0.0
27.8,ASCENT,0.0,0.0,1860.5219425503165,140.7465094867032,0.0,0.0,140.7465094867032,0.0,0.0,1.0,0.0
27.85,ASCENT,0.0,0.0,1867.5746698724106,141.05454644209527,0.0,0.0,141.05454644209527,0.0,0.0,1.0,0.0
27.9,ASCENT,0.0,0.0,1874.6428097309545,141.36279716627962,0.0,0.0,141.36279716627962,0.0,0.0,1.0,0.0
27.95,ASCENT,0.0,0.0,1881.7263728193939,141.6712617620522,0.0,0.0,141.6712617620522,0.0,0.0,1.0,0.0
28.0,ASCENT,0.0,0.0,1888.8253698358312,141.9799403324214,0.0,0.0,141.9799403324214,0.0,0.0,1.0,0.0
28.05,ASCENT,0.0,0.0,1895.9398114848882,142.2888329806085,0.0,0.0,142.2888329806085,0.0,0.0,1.0,0.0
28.1,ASCENT,0.0,0.0,1903.069708475843,142.59793981004856,0.0,0.0,142.59793981004856,0.0,0.0,1.0,0.0
28.15,ASCENT,0.0,0.0,1910.2150715216994,142.90726092439095,0.0,0.0,142.90726092439095,0.0,0.0,1.0,0.0
28.2,ASCENT,0.0,0.0,1917.3759113429114,143.2167964275,0.0,0.0,143.2167964275,0.0,0.0,1.0,0.0
28.25,ASCENT,0.0,0.0,1924.5522386636585,143.52654642345564,0.0,0.0,143.52654642345564,0.0,0.0,1.0,0.0
28.3,ASCENT,0.0,0.0,1931.7440642146394,143.83651101655414,0.0,0.0,143.83651101655414,0.0,0.0,1.0,0.0
28.35,ASCENT,0.0,0.0,1938.951398730278,144.14669031130865,0.0,0.0,144.14669031130865,0.0,0.0,1.0,0.0
28.4,ASCENT,0.0,0.0,1946.1742529505864,144.4570844124499,0.0,0.0,144.4570844124499,0.0,0.0,1.0,0.0
28.45,ASCENT,0.0,0.0,1953.4126376220956,144.76769342492682,0.0,0.0,144.76769342492682,0.0,0.0,1.0,0.0
28.5,ASCENT,0.0,0.0,1960.6665634950623,145.07851745390727,0.0,0.0,145.07851745390727,0.0,0.0,1.0,0.0
28.55,ASCENT,0.0,0.0,1967.9360413253307,145.38955660477862,0.0,0.0,145.38955660477862,0.0,0.0,1.0,0.0
28.6,ASCENT,0.0,0.0,1975.2210818743333,145.70081098314841,0.0,0.0,145.70081098314841,0.0,0.0,1.0,0.0
28.65,ASCENT,0.0,0.0,1982.5216959090903,146.012280694845,0.0,0.0,146.012280694845,0.0,0.0,1.0,0.0
28.7,ASCENT,0.0,0.0,1989.8378942012787,146.32396584591825,0.0,0.0,146.32396584591825,0.0,0.0,1.0,0.0
28.75,ASCENT,0.0,0.0,1997.1696875281632,146.63586654264014,0.0,0.0,146.63586654264014,0.0,0.0,1.0,0.0
28.8,ASCENT,0.0,0.0,2004.5170866725966,146.94798289150543,0.0,0.0,146.94798289150543,0.0,0.0,1.0,0.0
28.85,ASCENT,-3.716999816077604e-08,-3.7164336990019225e-08,2011.8801024230197,147.26031499923226,-0.08267581422797218,-0.08268840807303202,147.26036142267273,-0.0001772208299164978,0.00017715804728182007,0.999999968603901,3.1396098998381916e-08
28.9,ASCENT,-1.0129422955478643e-07,-1.0127880195299547e-07,2019.2587477015331,147.57290556741177,-0.14262935164448398,-0.1426510780946241,147.57304343974974,-0.00048372566492408146,0.0004832582070081995,0.9999997662354387,2.3376456148582747e-07
28.95,ASCENT,-1.839078097100221e-07,-1.838797996598259e-07,2026.653035191819,147.88574980848676,-0.18375493389257766,-0.18378292492221532,147.88597816715946,-0.0008803969924519543,0.0008788497511933113,0.9999992262615266,7.737384732919851e-07
29.0,ASCENT,-2.780700763458938e-07,-2.7802772492640386e-07,2034.062976328656,148.19882273077087,-0.20944275558165426,-0.20947465958692263,148.19911877162875,-0.0013356547273771853,0.0013320968075613416,0.9999982207691067,1.779230893339534e-06
29.05,ASCENT,-3.781565080841063e-07,-3.7809891301628384e-07,2041.4885810799897,148.51209503391482,-0.2226202011569741,-0.2226541124567491,148.51242879291382,0.0018243316094873087,-0.0018177003771338957,3.31612123827263e-06,0.9999966838787622
29.1,ASCENT,-4.796697706102931e-07,-4.795967145808881e-07,2048.9298581518233,148.8255414399887,-0.22579438649066016,-0.2258287813079003,148.825884061373,-0.002326685720019462,0.0023159103959048003,0.9999946115172634,5.388482762158642e-06
29.15,ASCENT,-5.790698253366612e-07,-5.789816301980673e-07,2056.3868153644726,149.13914422566754,-0.2210945563328021,-0.22112823523275013,149.13947204165544,0.0028275338730287523,-0.00281163592215046,7.950187203953353e-06,0.9999920498146136
29.2,ASCENT,-6.736225779135756e-07,-6.735199818976816e-07,2063.8594600595534,149.45289389516088,-0.21031331947798157,-0.21034535617265476,149.45318989737032,-0.0033154760143173363,0.003293638540564119,0.9999890796627262,1.0920462231334138e-05
29.25,ASCENT,-7.612662125134358e-07,-7.61150269950204e-07,2071.347799475305,149.76678830706527,-0.1949459894879887,-0.19497568077325497,149.76704209961622,0.003781216818404567,-0.003752831097894204,1.419922744183566e-05,0.999985809127562
29.3,ASCENT,-8.40494194096407e-07,-8.403660725150083e-07,2078.8518410306424,150.0808311069219,-0.17622738430335905,-0.17625447834547317,150.08103806769373,-0.004156789974883527,0.004121982459921071,0.9999828648758677,1.767362173998865e-05
29.35,ASCENT,-9.10250264702177e-07,-9.101177143673511e-07,2086.3715925300494,150.39502998768026,-0.15517357865002993,-0.15518343130996154,150.3951901017187,0.0008154599116420203,-0.000808001526945996,6.852805130574957e-06,0.9999993410556349
29.4,ASCENT,-9.700231554911009e-07,-9.695436423734167e-07,2093.9070622846484,150.7093950970694,-0.13220306315058084,-0.13297492712207445,150.70951174529668,-0.004853017182255653,0.004804770933686993,0.999976680623098,2.470859068398612e-05
29.45,ASCENT,-1.0197245499315465e-06,-1.0179319889916132e-06,2101.458259155974,151.02393738663005,-0.10764882378105349,-0.11056987335320499,151.0240162283036,0.0015992475437084468,-0.0015823429778527803,1.4449449111109127e-05,0.9999974691914014
29.5,ASCENT,-1.0586892891273206e-06,-1.0556079445608278e-06,2109.0251925699413,151.33866827640148,-0.0838179276502106,-0.08668500518923289,151.33871631347284,-0.005425724872168762,0.005364755025945312,0.9999708895369381,3.149330190593824e-05
29.55,ASCENT,-1.087368779485664e-06,-1.0821292072235391e-06,2116.6078724805266,151.65359820870023,-0.05900298601785599,-0.06380426815498505,151.65362310865797,0.0022559121920542064,-0.002229453225191172,2.1530489229426578e-05,0.9999949699548176
29.6,ASCENT,-1.105305651218534e-06,-1.0982199993666659e-06,2124.206309312023,151.9687366402723,-0.03579909035815159,-0.0399059667922312,151.96874609636515,-0.005878578722363206,0.005806410013352738,0.9999658626683567,3.758844559381691e-05
29.65,ASCENT,-1.1132917891581321e-06,-1.1035481640272072e-06,2131.820513890125,152.28409155461765,-0.011856181416303731,-0.01776924104421758,152.28409305285348,0.0027935876463670087,-0.0027582589063884105,2.776684959115982e-05,0.9999922935227398
29.7,ASCENT,-1.1109465114152427e-06,-1.0990757961296836e-06,2139.4504973618314,152.59966943881867,0.00994649325753201,0.005214446102167425,152.5996698520672,-0.0062243505631360135,0.006142868290402999,0.9999617596684608,4.277837572536081e-05
29.75,ASCENT,-1.099261195722761e-06,-1.0844809867342238e-06,2147.0962711330503,152.91547540000698,0.03246538039095036,0.025992749330463593,152.91548105549708,0.003226909318304873,-0.0031838034249227275,3.303358091466535e-05,0.999989724627601
29.8,ASCENT,-1.0778508135794187e-06,-1.060853041301972e-06,2154.757846787572,153.23151308255427,0.05256102466751224,0.047627681449099256,153.23152949907652,-0.006479816208762113,0.006390930427324835,0.9999585820318693,4.70211352215366e-05
29.85,ASCENT,-1.047810220217972e-06,-1.0278225995845614e-06,2162.4352360423654,153.54778510036002,0.0734784403248592,0.06682701856579379,153.54781722368426,0.0035729291632787675,-0.0035232584089431506,3.735031347806839e-05,0.9999874096369075
29.9,ASCENT,-1.0087042156843631e-06,-9.865335074852335e-07,2170.128450686112,153.86429287885548,0.09185126840916104,0.08699459577151528,153.86434488803903,-0.006662532390201011,0.006567970250334166,0.9999562339873205,5.038685970348844e-05
29.95,ASCENT,-9.616687347289745e-07,-9.365400127148474e-07,2177.837502544746,154.18103720711696,0.11121581043476482,0.10463517948284594,154.18111282430044,0.0038485978073019415,-0.003793511844973012,4.0821708589211525e-05,0.9999853978415825
30.0,ASCENT,-9.061963613493267e-07,-8.789955064159628e-07,2185.562403445132,154.49801801664057,0.12801451875775977,0.12340465679816053,154.4981203364511,-0.006788955711707556,0.006690160744759224,0.9999545734782733,5.3004135899370475e-05
30.05,ASCENT,-8.43426040307748e-07,-8.133675900816326e-07,2193.3031651917845,154.81523493645707,0.1459976969830207,0.13964043371056575,154.81536675410698,0.004069350914865777,-0.004009841767365409,4.359044739199459e-05,0.9999836796928264
30.1,ASCENT,-7.727713759199613e-07,-7.407936815585378e-07,2201.059799543582,155.13268703482143,0.16145056604477678,0.15718080585876726,155.13285067558988,-0.006873481686006054,0.006771587967490814,0.9999534478257424,5.5021096718232965e-05
30.15,ASCENT,-6.95353251679596e-07,-6.606558741481794e-07,2208.8323182091117,155.45037331683014,0.1782781309541233,0.1722276478314092,155.45057095358806,0.004248442273517733,-0.004185310403618983,4.580550153521212e-05,0.9999822157503253
30.2,ASCENT,-6.105087015792918e-07,-5.740632707274076e-07,2216.6207328317687,155.76829245733245,0.19263836833423711,0.18874942823841373,155.76852593178336,-0.006928084953480264,0.006823936280947535,0.9999527150476135,5.658106761541327e-05
30.25,ASCENT,-5.193308775583503e-07,-4.803198931466298e-07,2224.425054991618,156.08644321623464,0.20854698499174662,0.2028393628310306,156.08671433388207,0.00439675654119681,-0.004330614151181447,4.7603699247555926e-05,0.9999809558420995
30.3,ASCENT,-4.210875950109528e-07,-3.805026769956919e-07,2232.2452962007374,156.40482418596005,0.2220598270230998,0.218558225489934,156.4051345285882,-0.006962328508369013,0.006856519863381449,0.9999522542477426,5.78097084698581e-05
30.35,ASCENT,-3.168418661756611e-07,-2.738478970232092e-07,2240.0814679069445,156.72343412016056,0.23727176510837134,0.23191228508149375,156.7237853154868,0.0045229089873892545,-0.004454202624187534,4.91010557188698e-05,0.9999798502781748
30.4,ASCENT,-2.0580177485090291e-07,-1.614015841280152e-07,2247.9335814928636,157.04227171135793,0.25015667370394334,0.24702815834465025,157.04266523953413,-0.006983579213260199,0.006876505416690078,0.9999519687645027,5.8810048496227285e-05
30.45,ASCENT,-8.900208762272269e-08,-4.234330988550437e-08,2255.80164828524,157.36133583941023,0.2648668273929729,0.25984205863736515,157.361773278949,0.00463349843169878,-0.004562539020636862,5.039042789017901e-05,0.9999788554718412
30.5,ASCENT,3.439898407277975e-08,8.230776489326287e-08,2263.6856795549393,157.68062538740875,0.2773097220018001,0.27452872585006693,157.68110821930307,-0.006997320270269627,0.006889223010814216,0.9999517851155375,5.96623210776248e-05
30.55,ASCENT,1.6339076286612202e-07,2.1341828897757745e-07,2271.5856865262613,158.00013942089828,0.29168069099126387,0.2869670043097239,158.00066925399508,0.004733424543124247,-0.0046604178322627015,5.154278260588452e-05,0.999977936027123
30.6,ASCENT,2.988557014301113e-07,3.4999072405757373e-07,2279.501680378802,158.31987704406447,0.30383249789246225,0.30136851854835456,158.3204554200702,-0.007007490870103627,0.0068984997340556815,0.9999516498920252,6.0426329528628926e-05
30.65,ASCENT,4.3980213763765744e-07,4.929286881855038e-07,2287.433672254905,158.6398375219925,0.31799462872716705,0.31356394095950146,158.64046612366326,0.0048262138111297885,-0.004751287618739501,5.2610198846003695e-05,0.9999770648161788
30.7,ASCENT,5.871451496057801e-07,6.412507874820024e-07,2295.381673264317,158.9600201750392,0.3299735080934986,0.32779518534403823,158.96070063461738,-0.007016811519261187,0.006906977474095521,0.9999515259649252,6.114485492975108e-05
30.75,ASCENT,7.399069358056039e-07,7.95889859597053e-07,2303.345694486983,159.28042445593923,0.3440277210630461,0.3398511678842705,159.28115854913077,0.004914322060892923,-0.004837548881058215,5.3629428989010464e-05,0.9999762220589996
30.8,ASCENT,8.99028520711156e-07,9.558755192687878e-07,2311.3257469804958,159.60104987784865,0.35592316804172686,0.35400070035315445,159.60183933748675,-0.007027073017273979,0.0069163944098049835,0.9999513887725238,6.184722374008578e-05
30.85,ASCENT,1.0635412063029744e-06,1.1221635962740405e-06,2319.3218417838216,159.92189605680414,0.36994510466474306,0.3659952182859464,159.92274275500512,0.004999397466637154,-0.004920812232254789,5.462535865569108e-05,0.9999753940212808
30.9,ASCENT,1.2344066326764603e-06,1.2937902128561678e-06,2327.333989918232,160.24296266786186,0.38182274748327216,0.380129155356381,160.24386843607783,-0.007039379889470028,0.006927821812694847,0.9999512230618447,6.255257217063771e-05
30.95,ASCENT,1.4106610805844993e-06,1.4717293649143132e-06,2335.3622023919597,160.56424946180522,0.39586730003255,0.39211914916699886,160.56521626298516,0.00508249847143832,-0.005002111908726917,5.5614044724205947e-05,0.9999745716731094
31.0,ASCENT,1.5932826999813888e-06,1.6550199251394462e-06,2343.406490204856,160.88575624366263,0.4077736728341772,0.40628529763303356,160.88678599936839,-0.007054347076457513,0.006941855254563957,0.9999510202152537,6.327260905719667e-05
31.05,ASCENT,1.781309335376647e-06,1.8446504412115384e-06,2351.466864350252,161.20748287092474,0.42187933496014896,0.4183109768798913,161.20857762484644,0.005164267392104148,-0.0050820756632178835,5.660521741190916e-05,0.9999737494780079
31.1,ASCENT,1.975732590058857e-06,2.039659520136108e-06,2359.5433358149603,161.5294292491456,0.43384622149486235,0.4325427467432772,161.5305910016007,-0.007072253270508944,0.006958763629845536,0.9999507761608323,6.401383247550684e-05
31.15,ASCENT,2.175589149026956e-06,2.2410476465942246e-06,2367.6359155820683,161.8515953174139,0.4480389600913383,0.4446314630331461,161.8528261811934,0.005245064002876452,-0.005161055385952617,5.760424673506569e-05,0.9999729243797851
31.2,ASCENT,2.381881871689166e-06,2.4478508205767915e-06,2375.7446146365255,162.17398105645128,0.46008711851098566,0.4589513179773774,162.1752830987728,-0.007093156569446147,0.0069786015455315506,0.9999504898013706,6.477923562892007e-05
31.25,ASCENT,2.5936441819266885e-06,2.661079642364278e-06,2383.869443961419,162.4965864657521,0.4743836398423473,0.47112085953888605,162.49796185713743,0.005325064994415166,-0.005239224296345293,5.8613629754511454e-05,0.9999720949986657
31.3,ASCENT,2.8118886759361427e-06,2.879765742606858e-06,2392.0104145435616,162.81941158040152,0.4865258557229708,0.4855432079077318,162.82086244398542,-0.007116978906242439,0.007001291366499183,0.9999501618736208,6.556957311054656e-05
31.35,ASCENT,3.035643943184598e-06,3.1049286242377755e-06,2400.167537368834,163.14245644317867,0.5009362470703032,0.4978044829163547,163.14398499712237,0.0054043355923844285,-0.005316646889782156,5.9634076601311494e-05,0.9999712610202511
31.4,ASCENT,3.2659313143123047e-06,3.335594261074561e-06,2408.340823427774,163.46572112710953,0.513179743332078,0.5123380031099201,163.46732954105642,-0.0071435655941707145,0.0070266810785079275,0.9999497941480621,6.638426868887938e-05
31.45,ASCENT,3.5017734010372013e-06,3.5727902973265327e-06,2416.530283715576,163.78920570491618,0.5277095339064662,0.5246971463022503,163.79089623631364,0.0054828792912150915,-0.0053933274833218815,6.0665275890159354e-05,0.9999704227491231
31.5,ASCENT,3.744199647702583e-06,3.815536137494401e-06,2424.735929233022,164.11291027503216,0.5400578096567239,0.5393465922194278,164.1146851324557,-0.007172725710558604,0.007054583529547282,0.9999493888884091,6.72220424599579e-05
31.55,ASCENT,3.992225882265171e-06,4.064867129780481e-06,2432.957770982757,164.4368349300601,0.554709525856544,0.5518065642545521,164.43869640373055,0.0055606709557275025,-0.0054692425067109285,6.170641327674087e-05,0.9999695807959578
31.6,ASCENT,4.2468893143582025e-06,4.319795483177603e-06,2441.195819977671,164.76097978458037,0.5671637142932422,0.5665741215554766,164.76293011623983,-0.007204258199038966,0.007084801791257986,0.9999489485030291,6.80813257432078e-05
31.65,ASCENT,4.507198438094532e-06,4.581364036838824e-06,2449.45008722879,165.08534494372734,0.5819380154721302,0.5791358842096056,165.08738645158712,0.005637677691279759,-0.005544360846364128,6.275650613657426e-05,0.9999687358686148
31.7,ASCENT,4.7741980672083886e-06,4.848577389589376e-06,2457.7205837601796,165.40993053161094,0.5944978533357974,0.5940221561866355,165.41206548644516,-0.007237967672902832,0.007117144510952022,0.9999484753338159,6.896052054611301e-05
31.75,ASCENT,5.046888999805951e-06,5.122485807095745e-06,2466.007320598699,165.73473666071087,0.6093943329916801,0.6066855069285734,165.7369674054421,0.005713871021346346,-0.0056186557040303125,6.38146056664013e-05,0.9999678886412938
31.8,ASCENT,5.326323615642292e-06,5.402086014463032e-06,2474.310308777727,166.0597634601119,0.6220588273328537,0.621690206447743,166.06209229178634,-0.007273673052261595,0.0071514342992432065,0.9999479715403354,6.985814895010824e-05
31.85,ASCENT,5.611494787991582e-06,5.688435732598542e-06,2482.62955933623,166.3850110461201,0.6370765565398153,0.6344543489542612,166.38744033032452,0.005789233119129125,-0.005692110655188089,6.487990670328571e-05,0.9999670396801983
31.9,ASCENT,5.90346250091781e-06,5.980523653326731e-06,2490.965083319694,166.71047954979906,0.6498444233360848,0.6495767649887156,166.7130116081889,-0.007311211418145083,0.007187511469904623,0.999947439047504,7.07729274270763e-05
31.95,ASCENT,6.201211565081052e-06,6.279415035426436e-06,2499.3168917819858,167.03616908900793,0.6649823020176725,0.6624406815878403,167.0388063087445,0.005863759155434467,-0.005764721921940291,6.595179590029864e-05,0.9999661894084672
32.0,ASCENT,6.505809650603248e-06,6.584090446332052e-06,2507.6849957788363,167.36207979493417,0.677852238380247,0.6776799784531115,167.3648245214513,-0.007350438838457137,0.007225234837876743,0.999946879533601,7.170379227211533e-05
32.05,ASCENT,6.816233427078152e-06,6.895622792478862e-06,2516.0694063762203,167.688211785618,0.6931092080074889,0.6906426588074296,167.69106642726877,0.005937457260836826,-0.005836498322978368,6.702986087492312e-05,0.9999653380970759
32.1,ASCENT,7.133558353628906e-06,7.212984468306214e-06,2524.470134643838,168.01456519132313,0.7060800471559946,0.7059980553080438,168.01753211708728,-0.007391229415221125,0.0072644807898634926,0.9999462944421456,7.264989516192477e-05
32.15,ASCENT,7.456752916650758e-06,7.5372561474588675e-06,2532.887191659771,168.34114012952784,0.7214552070432498,0.7190586243715668,168.34422176905977,0.006010347152570292,-0.005907459925441667,6.811387646654676e-05,0.9999644858717908
32.2,ASCENT,7.786900474058596e-06,7.867402026981148e-06,2541.320588506758,168.66793672907383,0.734525993890691,0.7345294898400923,168.67113547507174,-0.007433473409895582,0.00730514146013682,0.9999456850063377,7.361058215599182e-05
32.25,ASCENT,8.122961307119305e-06,8.204510666439715e-06,2549.7703362731263,168.9949551065558,0.7500186531790015,0.7476872680400111,168.99827341040418,0.00608245813349132,-0.005977636088174186,6.920377922631228e-05,0.9999636327290552
32.3,ASCENT,8.466026780532551e-06,8.54753805287843e-06,2558.2364460527897,169.3221953892508,0.7631886687052445,0.7632731632863586,169.3256356677909,-0.00747707500839509,0.007347122557187728,0.99994505227861,7.458536512000569e-05
32.35,ASCENT,8.815048957867243e-06,8.897580743783295e-06,2566.7189289499074,169.64965769281568,0.7787983576666071,0.7765276833515855,169.65322241977736,0.006153826915946474,-0.006047063337326956,7.029963746058021e-05,0.999962778555904
32.4,ASCENT,9.171127312117333e-06,9.253586507364894e-06,2575.21779606957,169.97734214303583,0.7920671123758627,0.792228367066191,169.98103375996615,-0.007521950072736318,0.007390341178122569,0.9999443971606428,7.557389131829241e-05
32.45,ASCENT,9.533205679010363e-06,9.616660001609725e-06,2583.7330585252494,170.3052488547328,0.8077935698606964,0.8055793650039879,170.30906985841153,0.006224495540824768,-0.006115783337118254,7.140162137292406e-05,0.9999619231506989
32.5,ASCENT,9.902391732809157e-06,9.985740765977149e-06,2592.2647274369374,170.63337795239062,0.8211607804214638,0.8213947801703039,170.63733080968998,-0.007568024075386282,0.00743472380108442,0.9999437204311677,7.657591459864221e-05
32.55,ASCENT,1.0277621069549317e-05,1.0361941651437766e-05,2600.812813929282,170.96172955017872,0.8370039289826621,0.8348421724827446,170.96581678165532,0.006294509535849768,-0.006183841095506503,7.250997588659215e-05,0.9999610662427373
32.6,ASCENT,1.0660009648811297e-05,1.0744193955039554e-05,2609.377329133451,171.29030377152145,0.8504694874401263,0.8507724227237661,171.2945278699948,-0.00761523031053774,0.0074802045470328165,0.9999430227702211,7.759126998319044e-05
32.65,ASCENT,1.1048484811181218e-05,1.113361880363707e-05,2617.9582841861993,171.61910073014982,0.8664294036881764,0.8643162778600648,171.62346424065987,0.006363916373615369,-0.006251283463162749,7.362499738239327e-05,0.9999602075096852
32.7,ASCENT,1.14441708772579e-05,1.1529139233275597e-05,2626.555690231733,171.94812054867967,0.8799933451740254,0.8803616001758522,171.95262599058466,-0.007663508411099154,0.007526723738658876,0.9999423047793876,7.861985240209535e-05
32.75,ASCENT,1.1845986911592538e-05,1.193188472115126e-05,2635.169558417052,172.27736334061615,0.8960702300261368,0.8940021092207462,172.28201328410086,0.00643276423757122,-0.006318157933266065,7.474701472542922e-05,0.9999593465923893
32.8,ASCENT,1.2255065664227684e-05,1.2340770018523669e-05,2643.799899897538,172.60682922800248,0.9097327024278359,0.9101628470629654,172.61162621950717,-0.00771280316089011,0.007574226746082026,0.9999415669981071,7.966159963351815e-05
32.85,ASCENT,1.2670317898144624e-05,1.2756933020341386e-05,2652.446725834161,172.936518324312,0.92592685388166,0.9239002965404549,172.94146495977125,0.0065011010740065895,-0.00638451172036966,7.587637442663109e-05,0.9999584831070207
32.9,ASCENT,1.3092884855238002e-05,1.317928016438779e-05,2661.1100473934785,173.2664307512231,0.9396880912480041,0.9401768754155031,173.27152960464767,-0.0077630635703648775,0.0076226630884536125,0.9999408099164132,8.071647913054923e-05
32.95,ASCENT,1.3521668966773001e-05,1.3608957825144912e-05,2669.7898757467046,173.59656662234391,0.9559998809392787,0.9540116236444304,173.60182031596412,0.006568973892986913,-0.006450391081985284,7.70134294905689e-05,0.9999576166547333
33.0,ASCENT,1.3957820024141484e-05,1.4044864093887198e-05,2678.4862220725045,173.92692605916278,0.9698601812958,0.9704045302582546,173.93233719499398,-0.007814242175041617,0.007671985751750375,0.9999400339846154,8.178447820478274e-05
33.05,ASCENT,1.4400232092703083e-05,1.4488153882087564e-05,2687.1990975541994,174.25750917555945,0.9862900352197372,0.9843369877605901,174.2630804026178,0.006636428275910412,-0.006515840841464607,7.815853138443131e-05,0.9999567468291373
33.1,ASCENT,1.485006356737139e-05,1.4937716897810951e-05,2695.9285133853555,174.5883160929739,1.0002497427900576,1.000846752968878,174.59405004166393,-0.007866294514242417,0.007722150681543034,0.999939239620468,8.286559699166585e-05
33.15,ASCENT,1.530620011001519e-05,1.5394716643785136e-05,2704.6744807586074,174.91934692566548,1.0167981260369467,1.0148773668600848,174.92524627222966,0.0067035080480152805,-0.0065809040714797625,7.93120245328738e-05,0.9999558732219412
33.2,ASCENT,1.5769808770454746e-05,1.5858034405173822e-05,2713.437010875903,175.2506017951373,1.0308576174837978,1.0315045522411688,175.2566691987115,-0.00791917875055143,0.007773116412281268,0.9999384272143473,8.395984361420082e-05
33.25,ASCENT,1.6239766766723165e-05,1.6328842327963717e-05,2722.216114946641,175.5820808161103,1.0475250225568942,1.0456337942187084,175.588318980562,0.00677025507815321,-0.006645621901332486,8.047424278351258e-05,0.999954995427103
33.3,ASCENT,1.6717249853098175e-05,1.6806013232353647e-05,2731.0118041820824,175.91378411023612,1.061684696677693,1.0623789818540044,175.92019572374005,-0.007972855395442825,0.007824843799544363,0.9999375971329023,8.506723103252067e-05
33.35,ASCENT,1.7201126761247034e-05,1.729072795807476e-05,2739.8240898055956,176.2457117927575,1.0784716348380265,1.0766073392550723,176.25229958717085,0.006836709173622482,-0.006710033416696333,8.164550735367813e-05,0.9999541130438102
33.4,ASCENT,1.769258199825826e-05,1.7781850816458127e-05,2748.652983037755,176.57786398553841,1.092731905094647,1.093471124203142,176.58463067835544,-0.008027287112379655,0.007877295827402708,0.9999367497215663,8.61877751326956e-05
33.45,ASCENT,1.8190475765207525e-05,1.828057139051573e-05,2757.4984951121733,176.9102408043857,1.1096389001577582,1.107799093568398,176.91718915579173,0.00690290804372306,-0.006774175626135535,8.282612585469586e-05,0.9999532256785609
33.5,ASCENT,1.869600136963692e-05,1.8785745437406572e-05,2766.36063726712,177.24284237142234,1.1240001894472016,1.124782078512125,177.2499751284916,-0.008082438574484775,0.00793043746868199,0.9999358853062539,8.732149369800045e-05
33.55,ASCENT,1.9208010436508635e-05,1.929857133243388e-05,2775.239420745522,177.57566880304762,1.141027773495248,1.1392101611213965,177.58298875461227,0.006968887311259778,-0.006838083474176887,8.401639206184751e-05,0.9999523329465705
33.6,ASCENT,1.9727705121110954e-05,1.9817896232224553e-05,2784.134856794961,177.90872022167716,1.1554905106308666,1.1563129527052114,177.91623014463786,-0.008138276359163536,0.007984235581036888,0.9999350041944876,8.846840597370731e-05
33.65,ASCENT,2.0253928425788415e-05,2.0344927353162025e-05,2793.046956674196,178.24199674432018,1.1726392211711782,1.1708416516131526,178.24969945646032,0.007034680556135758,-0.006901789885506275,8.521658618415585e-05,0.9999514344726863
33.7,ASCENT,2.0787891400776465e-05,2.087850320418954e-05,2801.9757316419855,178.5754984937088,1.187203838629162,1.1880648580540423,178.58339680199276,-0.008194768866565246,0.008038658826129877,0.9999341066761485,8.962853261529347e-05
33.75,ASCENT,2.132842837855388e-05,2.1419839891549327e-05,2810.9211929664016,178.90922558747204,1.2044742168104534,1.2026946762310564,178.9173223389288,0.007100319379299705,-0.006965325828877387,8.642697543925769e-05,0.9999505298919479
33.8,ASCENT,2.1876759351591204e-05,2.1967767228752794e-05,2819.88335191831,179.24317814867527,1.2191411493793902,1.2200389058569356,179.25147618056496,-0.008251886252467772,0.00809367760279312,0.999933193023991,9.080189586124775e-05
33.85,ASCENT,2.2431709934684498e-05,2.2523510260810063e-05,2828.862219782546,179.5773562955714,1.2365337389548663,1.2347703451174126,179.58585848445682,0.007165833478634714,-0.0070287203925568625,8.764781480113949e-05,0.9999496188499001
33.9,ASCENT,2.2994509110032927e-05,2.3085890057594454e-05,2837.8578078392893,179.9117601515712,1.2513034230072377,1.25223620555906,179.92046936523766,-0.008309600369082166,0.008149263987878531,0.9999322634940201,9.198851981589984e-05
33.95,ASCENT,2.356397372648797e-05,2.3656140652012466e-05,2846.870127382688,180.24638983555184,1.2688187698036284,1.2670697660287529,180.25530898038014,0.007231250730957112,-0.007092000865642577,8.887934782370045e-05,0.999948701002731
34.0,ASCENT,2.4141341803751282e-05,2.423307432173003e-05,2855.899189710617,180.58124547127815,1.283691642976218,1.2846578638538015,180.5903774458081,-0.008367884709497682,0.008205391680656678,0.9999313183257998,9.318843077288366e-05
34.05,ASCENT,2.4725421376107565e-05,2.481793413695043e-05,2864.9450061246753,180.9163271782495,1.301330294691232,1.2995940437921418,180.92567491896213,0.007296597276239361,-0.007155192821480829,9.01218074792487e-05,0.9999477760172957
34.1,ASCENT,2.5317459548858902e-05,2.5409523534261384e-05,2874.007587936707,181.2516350805916,1.3163067958193952,1.317304984424419,181.26120151701147,-0.008426714353118349,0.008262035948205515,0.9999303577427423,9.440165752594434e-05
34.15,ASCENT,2.5916255492795334e-05,2.600909467086276e-05,2883.0869464613497,181.5871692984223,1.3340693020171637,1.3323442802654855,181.59695739741244,0.0073618976015846485,-0.007218320200785528,9.137541697223918e-05,0.999946843571055
34.2,ASCENT,2.65230654472642e-05,2.6615442093129197e-05,2892.183093021624,181.92292995623387,1.3491498712136483,1.3501786680768693,181.9329426785361,-0.008486065910609788,0.008319173570360503,0.9999293819524,9.56282316473267e-05
34.25,ASCENT,2.713667967036031e-05,2.7229827095267634e-05,2901.296038944274,182.25891717475824,1.3670367834285704,1.365321574594456,182.269157517899,0.007427174623480203,-0.007281405393030079,9.264039050521647e-05,0.9999459033519628
34.3,ASCENT,2.7758363584277158e-05,2.7851035284060922e-05,2910.425795564428,182.5951310788591,1.3822218622324103,1.383280013090533,182.60560203503286,-0.008545917467671364,0.008376782783568572,0.9999283911467796,9.686818770959783e-05
34.35,ASCENT,2.838689848495888e-05,2.848033714104581e-05,2919.572374221869,182.9315717898778,1.4002337341215454,1.3985270236234866,182.94227638755672,0.007492449767533334,-0.007344469315341308,9.391693398919099e-05,0.9999449550583105
34.4,ASCENT,2.9023559026603122e-05,2.9116509283799354e-05,2928.7357862656936,183.26823943305428,1.415523765669318,1.416610115671011,183.27918069612355,-0.008606248527467393,0.008434843223489717,0.999927385502686,9.812156345723186e-05
34.45,ASCENT,2.966711749330033e-05,2.976083143181903e-05,2937.9160430459306,183.60513413033428,1.433661153174719,1.4319617223670693,183.61631511849507,0.007557743045332404,-0.0074075314885491475,9.520524569256453e-05,0.9999439983985444
34.5,ASCENT,3.0318857820763892e-05,3.0412071163627725e-05,2947.113155921921,183.94225600733887,1.4490565823649726,1.4501700704299894,183.95367977640856,-0.008667039951871723,0.008493335866499448,0.9999263651820955,9.938839991857629e-05
34.55,ASCENT,3.0977543231281035e-05,3.107151748761661e-05,2956.327136259526,184.2796051866136,1.4673200438643874,1.4656267644839833,184.29127482780643,0.007623073128343764,-0.007470610110306489,9.650551683337835e-05,0.9999430330910581
34.6,ASCENT,3.16444669919405e-05,3.173792889316806e-05,2965.557995431125,184.61718179416545,1.4828213175003275,1.483960970849518,184.62910039547552,-0.008728273901851366,0.008552242970410665,0.9999253303325574,0.00010066874147335314
34.65,ASCENT,3.231838321302687e-05,3.241260372879476e-05,2974.805744812824,184.9549859531353,1.501211413933986,1.4995232427218186,184.96715663757513,0.007688457418902238,-0.007533722125335561,9.781793211693923e-05,0.9999420588639666
34.7,ASCENT,3.300059454320589e-05,3.309429134440794e-05,2984.070395788178,185.29301778992115,1.5168189808362071,1.5179839097054402,185.30544367790924,-0.008789933777398118,0.008611548014813076,0.9999242810876223,0.00010196263587530782
34.75,ASCENT,3.368984593030486e-05,3.378429948015849e-05,2993.3519597500563,185.63127742825498,1.5353362758060332,1.5336522493154887,185.64396167488832,0.007753912118429094,-0.007596883292930685,9.91426702258158e-05,0.9999410754548612
34.8,ASCENT,3.4387449455104836e-05,3.4481368295904215e-05,3002.650448091328,185.96976499493107,1.5510505868953706,1.5522399794422876,185.98271075330302,-0.00885200415743013,0.00867123564144036,0.9999232175672924,0.000103270134236777
34.85,ASCENT,3.5092140852259606e-05,3.5186814975234235e-05,3011.965872217901,186.30848061426855,1.569695646735873,1.5680148763353627,186.32169107184774,0.007819452293027766,-0.0076601082518634464,0.00010047990426925726,0.9999400826105511
34.9,ASCENT,3.580524168553577e-05,3.589937043711144e-05,3021.298243537545,186.64742441346343,1.585517155087267,1.586730272496763,186.66090275627158,-0.008914470740067246,0.008731291594957075,0.9999221398784859,0.00010459129098761011
34.95,ASCENT,3.6525478425429224e-05,3.662036136064296e-05,3030.6475734636188,186.98659651741835,1.6042905489111965,1.6026122159862488,187.0003459655836,0.007885091936605346,-0.007723410582833691,0.00010182980219308746,0.999939080086788
35.0,ASCENT,3.725418216989091e-05,3.734850937278845e-05,3040.013873421587,187.32599705373647,1.6202197097827005,1.6214558815745403,187.34002082646504,-0.008977320283640336,0.008791702664514619,0.9999210481155159,0.0001059261638088893
35.05,ASCENT,3.799007007400008e-05,3.808515070053025e-05,3049.397154835984,187.66562614790058,1.63912200950493,1.637445360862448,187.67992749826882,0.007950844031644424,-0.007786802868587245,0.00010319252716195494,0.9999380676479782
35.1,ASCENT,3.873448282141696e-05,3.882899762744273e-05,3058.7974291443825,188.0054839279266,1.6551592803458897,1.6564178998860077,188.02006610858388,-0.009040540548745951,0.008852456626377552,0.9999199423605768,0.00010727481355010671
35.15,ASCENT,3.9486128200264906e-05,3.958139598101686e-05,3068.2147077843547,188.34557051987434,1.6741910606891224,1.6725154041648858,188.36043681713477,0.008016720607725791,-0.00785029675179786,0.00010456823791155094,0.9999370450668833
35.2,ASCENT,4.024635653176346e-05,4.0341048649779686e-05,3077.6490022055805,188.68588605217798,1.690336901132087,1.691617421347565,188.7010397523952,-0.009104120241604945,0.008913542187871566,0.9999188226842356,0.00010863730413396278
35.25,ASCENT,4.101386618525509e-05,4.110931111464068e-05,3087.100323859602,189.02643065147146,1.709498739619029,1.7078234398879906,189.04187507448748,0.008082732797874748,-0.007913902990784245,0.00010595708907956691,0.9999360121243089
35.3,ASCENT,4.1790017171693204e-05,4.188487681713168e-05,3096.5686842072755,189.36720444661285,1.7257536114590328,1.7270555407556276,189.3829429127491,-0.00916804895893523,0.008974948932854237,0.9999176891459238,0.00011001370245000694
35.35,ASCENT,4.257349838952386e-05,4.2669110944767974e-05,3106.0540947131813,189.70820756480742,1.7450460883939933,1.7433705629818876,189.72424342772473,0.008148890892782456,-0.00797763151311254,0.00010735923151466986,0.9999349686087861
35.4,ASCENT,4.33656795919338e-05,4.3460697439847446e-05,3115.556566852145,190.04944013534265,1.76141045555874,1.7627333539388812,190.0657767495959,-0.009232317134501965,0.009036667268867987,0.9999165417944297,0.00011140407824694609
35.45,ASCENT,4.4165240154062064e-05,4.426101124995776e-05,3125.076112102717,190.39090228599264,1.7808341540018813,1.7791578694957788,190.40754303935296,0.008215204392935537,-0.008041491467116805,0.00010877481256643673,0.9999339143162446
35.5,ASCENT,4.497355962415408e-05,4.5068726765628394e-05,3134.6127419508994,190.73259414647967,1.797308482515364,1.798651957893754,190.74954242800345,-0.009296915987472907,0.009098688376097064,0.9999153806683834,0.00011280850401651499
35.55,ASCENT,4.5789307801332346e-05,4.588522874826761e-05,3144.1664678873494,191.07451584514428,1.816863988251714,1.8151864567063778,191.0917750770051,0.008281682058676906,-0.008105491271360815,0.00011020397636268836,0.9999328490496813
35.6,ASCENT,4.66138740820536e-05,4.670918198380227e-05,3153.737301410176,191.4166675121489,1.8334487461940385,1.8348124509073855,191.43424111817478,-0.009361837472671414,0.009161004158216567,0.9999142057967416,0.00011422705487956764
35.65,ASCENT,4.744591863641161e-05,4.7541981101494084e-05,3163.3252540268004,191.7590492763983,1.853136647699984,1.851457423236317,191.77694071345817,0.008348331958206888,-0.008169638662050794,0.00011164686406611726,0.9999317726188247
35.7,ASCENT,4.828684076255595e-05,4.838228122952924e-05,3172.9303372465074,192.10166126850027,1.8698323051647898,1.8712159326716153,192.119873995466,-0.009427074232790066,0.009223607195195029,0.9999130171992596,0.0001156598084723903
35.75,ASCENT,4.913529094823348e-05,4.923148691934349e-05,3182.552562588826,192.44450361792164,1.8896531935723204,1.887971869163642,192.4630411266511,0.008415161513536773,-0.008233940738411986,0.00011310361412131265,0.9999306848397993
35.8,ASCENT,4.9992678447099056e-05,5.008824358793671e-05,3192.1919415760785,192.78757645572077,1.906460222622885,1.907863504388975,192.8064422404039,-0.009492619552610129,0.0092864906980911,0.9999118148869582,0.00011710684483129394
35.85,ASCENT,5.0857644010925e-05,5.0953965763530736e-05,3201.848485740833,193.13087991192455,1.9264146916839449,1.9247308961254586,193.15007749970243,0.00848217754440265,-0.008298404006037973,0.00011457436248701881,0.9999295855347882
35.9,ASCENT,5.173160690301709e-05,5.182728909818241e-05,3211.5222066212445,193.47441411804684,1.9433335663095697,1.9447562688741669,193.4939470387039,-0.009558467315246852,0.00934964846586365,0.9999105988625779,0.00011856824628370123
35.95,ASCENT,5.261319808523293e-05,5.270963815180664e-05,3221.213115759194,193.81817920467284,1.9634222123603686,1.9617356074167618,193.8380510209285,0.008549386310148682,-0.008363034418222993,0.0001160592428561258,0.9999284745316995
36.0,ASCENT,5.350384688501007e-05,5.3599638757446045e-05,3230.921224708669,194.16217530377668,1.9804534084329817,1.9818953306504947,194.18238958128808,-0.009624611960429066,0.00941307484420136,0.9999093691210236,0.00012004409733928913
36.05,ASCENT,5.440217442003564e-05,5.449872556191442e-05,3240.6465450236574,194.5064025465001,2.000676830359375,1.9989871080851638,194.52696288386085,0.008616793549596036,-0.008427837415294615,0.00011755838686383635,0.999927351663835
36.1,ASCENT,5.530962013669765e-05,5.540551452485104e-05,3250.3890882702544,194.85086106528226,2.0178208255914685,2.0192817960432086,194.87177106430258,-0.009691048444806652,0.009476764686364138,0.9999081256497964,0.0001215344845851285
36.15,ASCENT,5.622479525393815e-05,5.632145043547735e-05,3260.1488660182804,195.19555099181989,2.0381796247955957,2.0364865050225625,195.21681428726427,0.008684404518915237,-0.008492817961965486,0.00011907192428295411,0.9999262167695643
36.2,ASCENT,5.714914939225439e-05,5.7245139325318926e-05,3269.925889845006,195.5404724590216,2.0554368986995084,2.056916773269658,195.56209268913565,-0.009757772204268263,0.009540713316017732,0.9999068684294121,0.00012303949658570845
36.25,ASCENT,5.8081283816946977e-05,5.8178036181820314e-05,3279.7201713323593,195.88562559913768,2.0759316790678852,2.074234907053738,195.90760643515438,0.008752224027527188,-0.008557980582730459,0.00012059998321095612,0.9999250696920053
36.3,ASCENT,5.902265837812378e-05,5.911873705335871e-05,3289.5317220743746,196.23101054555062,2.0933027129166475,2.0948013725265007,196.2533556624351,-0.009824779118243537,0.00960491649203467,0.999905597433807,0.00012455922378551418
36.35,ASCENT,5.9971864332222675e-05,6.006870718172807e-05,3299.3605536650866,196.57662743106292,2.113934080790168,2.1122334250223544,196.59934053681516,0.00882025647206345,-0.008623329395340438,0.00012214269024451999,0.9999239102787121
36.4,ASCENT,6.0930371814808645e-05,6.102653257679454e-05,3309.206677709706,196.92247638953512,2.1314193575798335,2.1329367060741533,196.94556119612596,-0.009892065475954961,0.009669370375226199,0.9999043126307288,0.00012609375841760026
36.45,ASCENT,6.189676201790725e-05,6.19936887911429e-05,3319.0701058190316,197.26855755432075,2.152187921725296,2.150483171873713,197.29201780681674,0.008888505868423296,-0.008688868142391231,0.00012370017064367023,0.9999227383813707
36.5,ASCENT,6.287251541873501e-05,6.296875174043457e-05,3328.950849608518,197.61487105976252,2.1697879261393878,2.171323888318592,197.6387105074281,-0.00995962794457974,0.009734071496964857,0.9999030139821126,0.0001276431944148282
36.55,ASCENT,6.385620308902438e-05,6.395320734480549e-05,3338.848920702003,197.96141703976383,2.190694297723007,2.1889852627352915,197.98563946503253,0.008956975881968634,-0.008754600221069046,0.00012527254848682112,0.9999215538555051
36.6,ASCENT,6.484931590418786e-05,6.49456213696844e-05,3348.764330731705,198.3081956291535,2.208409516098627,2.2099640358904424,198.33280481887343,-0.010027463539273803,0.009799016729649581,0.9999017014444418,0.0001292076273245457
36.65,ASCENT,6.585041475944946e-05,6.594749015984198e-05,3358.6970913344994,198.65520696238383,2.229454308661477,2.227740814994478,198.68020673665697,0.009025669855903987,-0.008820528711100208,0.0001268599468157161,0.9999203565601927
36.7,ASCENT,6.686100098531527e-05,6.695736927410843e-05,3368.6472141537815,199.00245117477348,2.2472852289568688,2.2488582677209976,199.0278453583234,-0.010095569595007313,0.009864203258962397,0.9999003749690959,0.0001307871542324812
36.75,ASCENT,6.787962524394743e-05,6.797676553930027e-05,3378.6147108403966,199.34992840132287,2.268469058391812,2.2667509483727337,199.37572085222257,0.009094590837895804,-0.00888665640095971,0.00012846248777170774,0.9999191463577901
36.8,ASCENT,6.890779937819883e-05,6.900422425094212e-05,3388.5995930526406,199.6976387778441,2.2864161701561905,2.2880077051155387,199.7238333589863,-0.010163943740157232,0.009929628557862094,0.9998990345026789,0.00013238187368491697
36.85,ASCENT,6.994406376027518e-05,7.004126277563903e-05,3398.6018724543974,200.04558243988492,2.30773965468703,2.30601678499784,200.07218304761733,0.009163741604984716,-0.008952985812392358,0.00013008029272071345,0.9999179231136712
36.9,ASCENT,7.098994080298785e-05,7.108641608855843e-05,3408.6215607160702,200.39375952375445,2.3258034490317296,2.3274134718237667,200.42077005943443,-0.010232583871796113,0.009995290362254133,0.9998976799873354,0.00013399188561924458
36.95,ASCENT,7.204396053134668e-05,7.214121215417247e-05,3418.6586695173755,200.74217016554707,2.3472672091938667,2.3455394494725317,200.76959456410188,0.009233124686851954,-0.009019519223307628,0.00013171348237456248,0.9999166866959748
37.0,ASCENT,7.310765598609433e-05,7.32041755698917e-05,3428.7132105426863,201.0908145020722,2.3654481787654733,2.367076694107286,201.11865670362116,-0.010301488132616587,0.010061186648276304,0.9998963113610493,0.0001356172912969633
37.05,ASCENT,7.417954678745731e-05,7.427684495647407e-05,3438.785195483826,201.4396926699704,2.3870528373882838,2.3853200689404015,201.46795664832635,0.009302742387501811,-0.009086258689110312,0.00013336217689963184,0.9999154369753656
37.1,ASCENT,7.526117666244639e-05,7.535773447582192e-05,3448.8746360382065,201.78880480655465,2.405351476343065,2.4069985008038026,201.8174945408981,-0.010370654889428201,0.010127315611136948,0.9998949285579286,0.00013725819324156283
37.15,ASCENT,7.635105476856547e-05,7.644839346374205e-05,3458.981543911621,202.1381510490112,2.4270976585341844,2.4253597731488163,202.16727055234767,0.009372596805425884,-0.00915320606253217,0.00013502649601898622,0.9999141738248064
37.2,ASCENT,7.745073557779731e-05,7.754732558852223e-05,3469.1059308173135,202.4877315351597,2.4455144625146112,2.447180023389091,202.51728482603195,-0.01044008271315888,0.010193675645438374,0.999893531508473,0.00013891469517995914
37.25,ASCENT,7.855871772662847e-05,7.865609096012986e-05,3479.2478084731847,202.83754640273176,2.4674027956457283,2.46565969450918,202.86753753364644,0.009442689852313474,-0.0092203630120289,0.00013670655910807963,0.9999128971193422
37.3,ASCENT,7.967656649108749e-05,7.977318269477299e-05,3489.40718860738,203.18759579005658,2.4859382617580206,2.487622396035357,203.21802881922153,-0.010509770360295292,0.010260265326920072,0.999892120139827,0.0001405869019875383
37.35,ASCENT,8.080276992799009e-05,8.090017173604429e-05,3499.5840829489753,203.53787983541096,2.507969375452158,2.5062209681537198,203.56875885514364,0.009513023270378378,-0.009287731038812176,0.00013840248528290688,0.9999116067358955
37.4,ASCENT,8.193890417685723e-05,8.203554058924459e-05,3509.778503241949,203.88839867763653,2.5266240022457023,2.5283267556670372,203.9197277861144,-0.01057971675569455,0.010327083395554593,0.9998906943760192,0.0001422749196394735
37.45,ASCENT,8.30834466558174e-05,8.318087109141395e-05,3519.9904612312093,204.23915245555511,2.548798528366365,2.5470447319900904,204.2709357852175,0.009583598648368392,-0.009355311492582797,0.00014011439348049495,0.9999103025530743
