time,mass,thrust,throttle,gimbal_x,gimbal_y,gimbal_z,rw_x,rw_y,rw_z,accel_x,accel_y,accel_z,force_grav_x,force_grav_y,force_grav_z,force_thrust_x,force_thrust_y,force_thrust_z,force_drag_x,force_drag_y,force_drag_z,target_att_x,target_att_y,target_att_z
0.0,548862.5914322938,7600000.0,1.0,0.0,0.0,0.0,0.0,0.0,0.0,4.023486016013722,0.0,0.0,-5391106.177208466,-0.0,-0.0,7600000.0,0.0,0.0,-0.0,-0.0,-0.0,1.0,0.0,0.0
0.05,548725.1828645875,7600000.0,1.0,0.0,0.0,0.0,0.0,0.0,0.0,4.026951508908264,0.0,0.0,-5389756.826531704,-0.0,-0.0,7600000.0,0.0,0.0,-0.13271672086144054,-0.0,-0.0,1.0,0.0,0.0
0.1,548587.7742968813,7600000.0,1.0,0.0,0.0,0.0,0.0,0.0,0.0,4.030418283880076,0.0,0.0,-5388407.45883416,-0.0,-0.0,7600000.0,0.0,0.0,-0.5313229679908634,-0.0,-0.0,1.0,0.0,0.0
0.15,548450.365729175,7600000.0,1.0,0.0,0.0,0.0,0.0,0.0,0.0,4.033886340650199,0.0,0.0,-5387058.074113974,-0.0,-0.0,7600000.0,0.0,0.0,-1.1965021420004787,-0.0,-0.0,1.0,0.0,0.0
0.2,548312.9571614688,7600000.0,1.0,0.0,0.0,0.0,0.0,0.0,0.0,4.0373556789411635,0.0,0.0,-5385708.67236929,-0.0,-0.0,7600000.0,0.0,0.0,-2.128936667069553,-0.0,-0.0,1.0,0.0,0.0
0.25,548175.5485937626,7600000.0,1.0,0.0,0.0,0.0,0.0,0.0,0.0,4.040826298476996,0.0,0.0,-5384359.253598265,-0.0,-0.0,7600000.0,0.0,0.0,-3.32930798073457,-0.0,-0.0,1.0,0.0,0.0
0.3,548038.1400260563,7600000.0,1.0,0.0,0.0,0.0,0.0,0.0,0.0,4.044298198983252,0.0,0.0,-5383009.817799066,-0.0,-0.0,7600000.0,0.0,0.0,-4.798296523664646,-0.0,-0.0,1.0,0.0,0.0
0.35,547900.7314583501,7600000.0,1.0,0.0,0.0,0.0,0.0,0.0,0.0,4.047771380187036,0.0,0.0,-5381660.3649698645,-0.0,-0.0,7600000.0,0.0,0.0,-6.5365817294219,-0.0,-0.0,1.0,0.0,0.0
0.4,547763.3228906438,7600000.0,1.0,0.0,0.0,0.0,0.0,0.0,0.0,4.051245841817008,0.0,0.0,-5380310.895108848,-0.0,-0.0,7600000.0,0.0,0.0,-8.54484201421097,-0.0,-0.0,1.0,0.0,0.0
0.45,547625.9143229376,7600000.0,1.0,0.0,0.0,0.0,0.0,0.0,0.0,4.054721583603422,0.0,0.0,-5378961.40821421,-0.0,-0.0,7600000.0,0.0,0.0,-10.823754766610437,-0.0,-0.0,1.0,0.0,0.0
0.5,547488.5057552314,7600000.0,1.0,0.0,0.0,0.0,0.0,0.0,0.0,4.05819860527814,0.0,0.0,-5377611.904284151,-0.0,-0.0,7600000.0,0.0,0.0,-13.37399633729225,-0.0,-0.0,1.0,0.0,0.0
0.55,547351.0971875251,7600000.0,1.0,0.0,0.0,0.0,0.0,0.0,0.0,4.061676906574647,0.0,0.0,-5376262.383316888,-0.0,-0.0,7600000.0,0.0,0.0,-16.19624202873045,-0.0,-0.0,1.0,0.0,0.0
0.6,547213.6886198189,7600000.0,1.0,0.0,0.0,0.0,0.0,0.0,0.0,4.065156487228076,0.0,0.0,-5374912.845310642,-0.0,-0.0,7600000.0,0.0,0.0,-19.291166084891756,-0.0,-0.0,1.0,0.0,0.0
0.65,547076.2800521126,7600000.0,1.0,0.0,0.0,0.0,0.0,0.0,0.0,4.068637346975234,0.0,0.0,-5373563.290263647,-0.0,-0.0,7600000.0,0.0,0.0,-22.65944168091649,-0.0,-0.0,1.0,0.0,0.0
0.7,546938.8714844064,7600000.0,1.0,0.0,0.0,0.0,0.0,0.0,0.0,4.07211948555462,0.0,0.0,-5372213.718174143,-0.0,-0.0,7600000.0,0.0,0.0,-26.301740912782584,-0.0,-0.0,1.0,0.0,0.0
0.75,546801.4629167002,7600000.0,1.0,0.0,0.0,0.0,0.0,0.0,0.0,4.07560290270644,0.0,0.0,-5370864.129040382,-0.0,-0.0,7600000.0,0.0,0.0,-30.218734786957498,-0.0,-0.0,1.0,0.0,0.0
0.8,546664.0543489939,7600000.0,1.0,0.0,0.0,0.0,0.0,0.0,0.0,4.079087598172631,0.0,0.0,-5369514.522860627,-0.0,-0.0,7600000.0,0.0,0.0,-34.411093210044356,-0.0,-0.0,1.0,0.0,0.0
0.85,546526.6457812877,7600000.0,1.0,0.0,0.0,0.0,0.0,0.0,0.0,4.082573571696892,0.0,0.0,-5368164.899633146,-0.0,-0.0,7600000.0,0.0,0.0,-38.879484978403916,-0.0,-0.0,1.0,0.0,0.0
0.9,546389.2372135815,7600000.0,1.0,0.0,0.0,0.0,0.0,0.0,0.0,4.086060823024687,0.0,0.0,-5366815.259356222,-0.0,-0.0,7600000.0,0.0,0.0,-43.624577767767654,-0.0,-0.0,1.0,0.0,0.0
0.95,546251.8286458752,7600000.0,1.0,0.0,0.0,0.0,0.0,0.0,0.0,4.089549351903288,0.0,0.0,-5365465.602028144,-0.0,-0.0,7600000.0,0.0,0.0,-48.64703812284353,-0.0,-0.0,1.0,0.0,0.0
1.0,546114.420078169,7600000.0,1.0,0.0,0.0,0.0,0.0,0.0,0.0,4.093039158081775,0.0,0.0,-5364115.92764721,-0.0,-0.0,7600000.0,0.0,0.0,-53.94753144690059,-0.0,-0.0,1.0,0.0,0.0
1.05,545977.0115104627,7600000.0,1.0,0.0,0.0,0.0,0.0,0.0,0.0,4.096530241311072,0.0,0.0,-5362766.236211731,-0.0,-0.0,7600000.0,0.0,0.0,-59.52672199135723,-0.0,-0.0,1.0,0.0,0.0
1.1,545839.6029427565,7600000.0,1.0,0.0,0.0,0.0,0.0,0.0,0.0,4.100022601343962,0.0,0.0,-5361416.527720025,-0.0,-0.0,7600000.0,0.0,0.0,-65.38527284532917,-0.0,-0.0,1.0,0.0,0.0
1.15,545702.1943750503,7600000.0,1.0,0.0,0.0,0.0,0.0,0.0,0.0,4.10351623793511,0.0,0.0,-5360066.802170421,-0.0,-0.0,7600000.0,0.0,0.0,-71.52384592520077,-0.0,-0.0,1.0,0.0,0.0
1.2,545564.785807344,7600000.0,1.0,0.0,0.0,0.0,0.0,0.0,0.0,4.10701115084108,0.0,0.0,-5358717.059561258,-0.0,-0.0,7600000.0,0.0,0.0,-77.94310196414511,-0.0,-0.0,1.0,0.0,0.0
1.25,545427.3772396378,7600000.0,1.0,0.0,0.0,0.0,0.0,0.0,0.0,4.110507339820367,0.0,0.0,-5357367.299890884,-0.0,-0.0,7600000.0,0.0,0.0,-84.64370050167541,-0.0,-0.0,1.0,0.0,0.0
1.3,545289.9686719315,7600000.0,1.0,0.0,0.0,0.0,0.0,0.0,0.0,4.114004804633409,0.0,0.0,-5356017.523157658,-0.0,-0.0,7600000.0,0.0,0.0,-91.62629987314786,-0.0,-0.0,1.0,0.0,0.0
1.35,545152.5601042253,7600000.0,1.0,0.0,0.0,0.0,0.0,0.0,0.0,4.1175035450426165,0.0,0.0,-5354667.729359945,-0.0,-0.0,7600000.0,0.0,0.0,-98.89155719927602,-0.0,-0.0,1.0,0.0,0.0
1.4,545015.151536519,7600000.0,1.0,0.0,0.0,0.0,0.0,0.0,0.0,4.121003560812391,0.0,0.0,-5353317.918496121,-0.0,-0.0,7600000.0,0.0,0.0,-106.44012837560425,-0.0,-0.0,1.0,0.0,0.0
1.45,544877.7429688128,7600000.0,1.0,0.0,0.0,0.0,0.0,0.0,0.0,4.124504851709131,0.0,0.0,-5351968.090564578,-0.0,-0.0,7600000.0,0.0,0.0,-114.27266806203443,-0.0,-0.0,1.0,0.0,0.0
1.5,544740.3344011066,7600000.0,1.0,0.0,0.0,0.0,0.0,0.0,0.0,4.128007417501289,0.0,0.0,-5350618.245563707,-0.0,-0.0,7600000.0,0.0,0.0,-122.38982967224156,-0.0,-0.0,1.0,0.0,0.0
1.55,544602.9258334003,7600000.0,1.0,0.0,0.0,0.0,0.0,0.0,0.0,4.131511257959364,0.0,0.0,-5349268.383491917,-0.0,-0.0,7600000.0,0.0,0.0,-130.79226536319553,-0.0,-0.0,1.0,0.0,0.0
1.6,544465.5172656941,7600000.0,1.0,0.0,0.0,0.0,0.0,0.0,0.0,4.135016372855924,0.0,0.0,-5347918.504347624,-0.0,-0.0,7600000.0,0.0,0.0,-139.48062602456162,-0.0,-0.0,1.0,0.0,0.0
1.65,544328.1086979879,7600000.0,1.0,0.0,0.0,0.0,0.0,0.0,0.0,4.138522761965655,0.0,0.0,-5346568.608129253,-0.0,-0.0,7600000.0,0.0,0.0,-148.45556126814915,-0.0,-0.0,1.0,0.0,0.0
1.7,544190.7001302816,7600000.0,1.0,0.0,0.0,0.0,0.0,0.0,0.0,4.1420304250653475,0.0,0.0,-5345218.694835239,-0.0,-0.0,7600000.0,0.0,0.0,-157.71771941738965,-0.0,-0.0,1.0,0.0,0.0
1.75,544053.2915625754,7600000.0,1.0,0.0,0.0,0.0,0.0,0.0,0.0,4.1455393619339445,0.0,0.0,-5343868.764464029,-0.0,-0.0,7600000.0,0.0,0.0,-167.26774749669497,-0.0,-0.0,1.0,0.0,0.0
1.8,543915.8829948691,7600000.0,1.0,0.0,0.0,0.0,0.0,0.0,0.0,4.149049572352553,0.0,0.0,-5342518.817014077,-0.0,-0.0,7600000.0,0.0,0.0,-177.10629122087713,-0.0,-0.0,1.0,0.0,0.0
1.85,543778.4744271629,7600000.0,1.0,0.0,0.0,0.0,0.0,0.0,0.0,4.152561056104466,0.0,0.0,-5341168.852483848,-0.0,-0.0,7600000.0,0.0,0.0,-187.2339949845849,-0.0,-0.0,1.0,0.0,0.0
1.9,543641.0658594567,7600000.0,1.0,0.0,0.0,0.0,0.0,0.0,0.0,4.156073812975191,0.0,0.0,-5339818.870871817,-0.0,-0.0,7600000.0,0.0,0.0,-197.65150185165697,-0.0,-0.0,1.0,0.0,0.0
1.95,543503.6572917504,7600000.0,1.0,0.0,0.0,0.0,0.0,0.0,0.0,4.159587842752467,0.0,0.0,-5338468.8721764665,-0.0,-0.0,7600000.0,0.0,0.0,-208.3594535444974,-0.0,-0.0,1.0,0.0,0.0
2.0,543366.2487240442,7600000.0,1.0,0.0,0.0,0.0,0.0,0.0,0.0,4.1631031452262794,0.0,0.0,-5337118.856396294,-0.0,-0.0,7600000.0,0.0,0.0,-219.35849043348966,-0.0,-0.0,1.0,0.0,0.0
2.05,543228.840156338,7600000.0,1.0,0.0,0.0,0.0,0.0,0.0,0.0,4.166619720188902,0.0,0.0,-5335768.823529803,-0.0,-0.0,7600000.0,0.0,0.0,-230.64925152628877,-0.0,-0.0,1.0,0.0,0.0
2.1,543091.4315886317,7600000.0,1.0,0.0,0.0,0.0,0.0,0.0,0.0,4.170137567434909,0.0,0.0,-5334418.773575504,-0.0,-0.0,7600000.0,0.0,0.0,-242.23237445721506,-0.0,-0.0,1.0,0.0,0.0
2.15,542954.0230209255,7600000.0,1.0,0.0,0.0,0.0,0.0,0.0,0.0,4.173656686761189,0.0,0.0,-5333068.706531924,-0.0,-0.0,7600000.0,0.0,0.0,-254.10849547659777,-0.0,-0.0,1.0,0.0,0.0
2.2,542816.6144532192,7600000.0,1.0,0.0,0.0,0.0,0.0,0.0,0.0,4.177177077966978,0.0,0.0,-5331718.622397595,-0.0,-0.0,7600000.0,0.0,0.0,-266.27824944010973,-0.0,-0.0,1.0,0.0,0.0
2.25,542679.205885513,7600000.0,1.0,0.0,0.0,0.0,0.0,0.0,0.0,4.180698740853882,0.0,0.0,-5330368.521171061,-0.0,-0.0,7600000.0,0.0,0.0,-278.74226979806235,-0.0,-0.0,1.0,0.0,0.0
2.3,542541.7973178067,7600000.0,1.0,0.0,0.0,0.0,0.0,0.0,0.0,4.184221675225896,0.0,0.0,-5329018.402850876,-0.0,-0.0,7600000.0,0.0,0.0,-291.50118858471643,-0.0,-0.0,1.0,0.0,0.0
2.35,542404.3887501005,7600000.0,1.0,0.0,0.0,0.0,0.0,0.0,0.0,4.187745880889428,0.0,0.0,-5327668.2674356,-0.0,-0.0,7600000.0,0.0,0.0,-304.5556364076166,-0.0,-0.0,1.0,0.0,0.0
2.4,542266.9801823943,7600000.0,1.0,0.0,0.0,0.0,0.0,0.0,0.0,4.191271357653322,0.0,0.0,-5326318.11492381,-0.0,-0.0,7600000.0,0.0,0.0,-317.9062424369261,-0.0,-0.0,1.0,0.0,0.0
2.45,542129.571614688,7600000.0,1.0,0.0,0.0,0.0,0.0,0.0,0.0,4.194798105328878,0.0,0.0,-5324967.945314086,-0.0,-0.0,7600000.0,0.0,0.0,-331.5536343945811,-0.0,-0.0,1.0,0.0,0.0
2.5,541992.1630469818,7600000.0,1.0,0.0,0.0,0.0,0.0,0.0,0.0,4.198326123729881,0.0,0.0,-5323617.758605022,-0.0,-0.0,7600000.0,0.0,0.0,-345.49843854374046,-0.0,-0.0,1.0,0.0,0.0
2.55,541854.7544792756,7600000.0,1.0,0.0,0.0,0.0,0.0,0.0,0.0,4.201855412672623,0.0,0.0,-5322267.554795219,-0.0,-0.0,7600000.0,0.0,0.0,-359.74127967792,-0.0,-0.0,1.0,0.0,0.0
2.6,541717.3459115693,7600000.0,1.0,0.0,0.0,0.0,0.0,0.0,0.0,4.205385971975911,0.0,0.0,-5320917.333883293,-0.0,-0.0,7600000.0,0.0,0.0,-374.28278111032586,-0.0,-0.0,1.0,0.0,0.0
2.65,541579.9373438631,7600000.0,1.0,0.0,0.0,0.0,0.0,0.0,0.0,4.20891780146112,0.0,0.0,-5319567.095867861,-0.0,-0.0,7600000.0,0.0,0.0,-389.1235646631153,-0.0,-0.0,1.0,0.0,0.0
2.7,541442.5287761568,7600000.0,1.0,0.0,0.0,0.0,0.0,0.0,0.0,4.2124509009521836,0.0,0.0,-5318216.84074756,-0.0,-0.0,7600000.0,0.0,0.0,-404.2642506566048,-0.0,-0.0,1.0,0.0,0.0
2.75,541305.1202084506,7600000.0,1.0,0.0,0.0,0.0,0.0,0.0,0.0,4.215985270275637,0.0,0.0,-5316866.568521031,-0.0,-0.0,7600000.0,0.0,0.0,-419.70545789859926,-0.0,-0.0,1.0,0.0,0.0
2.8,541167.7116407444,7600000.0,1.0,0.0,0.0,0.0,0.0,0.0,0.0,4.2195209092606385,0.0,0.0,-5315516.279186926,-0.0,-0.0,7600000.0,0.0,0.0,-435.4478036734475,-0.0,-0.0,1.0,0.0,0.0
2.85,541030.3030730381,7600000.0,1.0,0.0,0.0,0.0,0.0,0.0,0.0,4.223057817738984,0.0,0.0,-5314165.972743907,-0.0,-0.0,7600000.0,0.0,0.0,-451.49190373149554,-0.0,-0.0,1.0,0.0,0.0
2.9,540892.8945053319,7600000.0,1.0,0.0,0.0,0.0,0.0,0.0,0.0,4.22659599554514,0.0,0.0,-5312815.649190646,-0.0,-0.0,7600000.0,0.0,0.0,-467.8383722781735,-0.0,-0.0,1.0,0.0,0.0
2.95,540755.4859376256,7600000.0,1.0,0.0,0.0,0.0,0.0,0.0,0.0,4.23013544251626,0.0,0.0,-5311465.308525824,-0.0,-0.0,7600000.0,0.0,0.0,-484.4878219631518,-0.0,-0.0,1.0,0.0,0.0
3.0,540618.0773699194,7600000.0,1.0,0.0,0.0,0.0,0.0,0.0,0.0,4.23367615849221,0.0,0.0,-5310114.950748135,-0.0,-0.0,7600000.0,0.0,0.0,-501.4408638697536,-0.0,-0.0,1.0,0.0,0.0
3.05,540480.6688022132,7600000.0,1.0,0.0,0.0,0.0,0.0,0.0,0.0,4.2372181433155935,0.0,0.0,-5308764.5758562805,-0.0,-0.0,7600000.0,0.0,0.0,-518.69810750395,-0.0,-0.0,1.0,0.0,0.0
3.1,540343.2602345069,7600000.0,1.0,0.0,0.0,0.0,0.0,0.0,0.0,4.240761396831774,0.0,0.0,-5307414.1838489715,-0.0,-0.0,7600000.0,0.0,0.0,-536.2601607836574,-0.0,-0.0,1.0,0.0,0.0
3.15,540205.8516668007,7600000.0,1.0,0.0,0.0,0.0,0.0,0.0,0.0,4.244305918888899,0.0,0.0,-5306063.77472493,-0.0,-0.0,7600000.0,0.0,0.0,-554.1276300279287,-0.0,-0.0,1.0,0.0,0.0
3.2,540068.4430990944,7600000.0,1.0,0.0,0.0,0.0,0.0,0.0,0.0,4.247851709337918,0.0,0.0,-5304713.348482889,-0.0,-0.0,7600000.0,0.0,0.0,-572.3011199460781,-0.0,-0.0,1.0,0.0,0.0
3.25,539931.0345313882,7600000.0,1.0,0.0,0.0,0.0,0.0,0.0,0.0,4.251398768032616,0.0,0.0,-5303362.90512159,-0.0,-0.0,7600000.0,0.0,0.0,-590.7812336269153,-0.0,-0.0,1.0,0.0,0.0
3.3,539793.625963682,7600000.0,1.0,0.0,0.0,0.0,0.0,0.0,0.0,4.254947094829635,0.0,0.0,-5302012.444639782,-0.0,-0.0,7600000.0,0.0,0.0,-609.5685725278537,-0.0,-0.0,1.0,0.0,0.0
3.35,539656.2173959757,7600000.0,1.0,0.0,0.0,0.0,0.0,0.0,0.0,4.25849668958848,0.0,0.0,-5300661.967036234,-0.0,-0.0,7600000.0,0.0,0.0,-628.663736464207,-0.0,-0.0,1.0,0.0,0.0
3.4,539518.8088282695,7600000.0,1.0,0.0,0.0,0.0,0.0,0.0,0.0,4.262047552171577,0.0,0.0,-5299311.472309711,-0.0,-0.0,7600000.0,0.0,0.0,-648.067323598151,-0.0,-0.0,1.0,0.0,0.0
3.45,539381.4002605632,7600000.0,1.0,0.0,0.0,0.0,0.0,0.0,0.0,4.265599682444263,0.0,0.0,-5297960.960458999,-0.0,-0.0,7600000.0,0.0,0.0,-667.7799304280078,-0.0,-0.0,1.0,0.0,0.0
3.5,539243.991692857,7600000.0,1.0,0.0,0.0,0.0,0.0,0.0,0.0,4.269153080274832,0.0,0.0,-5296610.431482887,-0.0,-0.0,7600000.0,0.0,0.0,-687.8021517773988,-0.0,-0.0,1.0,0.0,0.0
3.55,539106.5831251508,7600000.0,1.0,0.0,0.0,0.0,0.0,0.0,0.0,4.272707745534545,0.0,0.0,-5295259.88538018,-0.0,-0.0,7600000.0,0.0,0.0,-708.1345807843162,-0.0,-0.0,1.0,0.0,0.0
3.6,538969.1745574445,7600000.0,1.0,0.0,0.0,0.0,0.0,0.0,0.0,4.276263678097666,0.0,0.0,-5293909.322149687,-0.0,-0.0,7600000.0,0.0,0.0,-728.7778088904175,-0.0,-0.0,1.0,0.0,0.0
3.65,538831.7659897383,7600000.0,1.0,0.0,0.0,0.0,0.0,0.0,0.0,4.279820877841472,0.0,0.0,-5292558.741790234,-0.0,-0.0,7600000.0,0.0,0.0,-749.732425829928,-0.0,-0.0,1.0,0.0,0.0
3.7,538694.357422032,7600000.0,1.0,0.0,0.0,0.0,0.0,0.0,0.0,4.283379344646294,0.0,0.0,-5291208.144300651,-0.0,-0.0,7600000.0,0.0,0.0,-770.9990196189249,-0.0,-0.0,1.0,0.0,0.0
3.75,538556.9488543258,7600000.0,1.0,0.0,0.0,0.0,0.0,0.0,0.0,4.286939078395523,0.0,0.0,-5289857.529679781,-0.0,-0.0,7600000.0,0.0,0.0,-792.5781765445536,-0.0,-0.0,1.0,0.0,0.0
3.8,538419.5402866196,7600000.0,1.0,0.0,0.0,0.0,0.0,0.0,0.0,4.2905000789756516,0.0,0.0,-5288506.897926475,-0.0,-0.0,7600000.0,0.0,0.0,-814.4704811538112,-0.0,-0.0,1.0,0.0,0.0
3.85,538282.1317189133,7600000.0,1.0,0.0,0.0,0.0,0.0,0.0,0.0,4.294062346276283,0.0,0.0,-5287156.249039598,-0.0,-0.0,7600000.0,0.0,0.0,-836.6765162430924,-0.0,-0.0,1.0,0.0,0.0
3.9,538144.7231512071,7600000.0,1.0,0.0,0.0,0.0,0.0,0.0,0.0,4.297625880190162,0.0,0.0,-5285805.583018022,-0.0,-0.0,7600000.0,0.0,0.0,-859.1968628469574,-0.0,-0.0,1.0,0.0,0.0
3.95,538007.3145835008,7600000.0,1.0,0.0,0.0,0.0,0.0,0.0,0.0,4.301190680613208,0.0,0.0,-5284454.899860626,-0.0,-0.0,7600000.0,0.0,0.0,-882.0321002274168,-0.0,-0.0,1.0,0.0,0.0
4.0,537869.9060157946,7600000.0,1.0,0.0,0.0,0.0,0.0,0.0,0.0,4.304756747444517,0.0,0.0,-5283104.199566307,-0.0,-0.0,7600000.0,0.0,0.0,-905.1828058630449,-0.0,-0.0,1.0,0.0,0.0
4.05,537732.4974480884,7600000.0,1.0,0.0,0.0,0.0,0.0,0.0,0.0,4.308324080586404,0.0,0.0,-5281753.482133968,-0.0,-0.0,7600000.0,0.0,0.0,-928.6495554380898,-0.0,-0.0,1.0,0.0,0.0
4.1,537595.0888803821,7600000.0,1.0,0.0,0.0,0.0,0.0,0.0,0.0,4.311892679944431,0.0,0.0,-5280402.747562519,-0.0,-0.0,7600000.0,0.0,0.0,-952.4329228314766,-0.0,-0.0,1.0,0.0,0.0
4.15,537457.6803126759,7600000.0,1.0,0.0,0.0,0.0,0.0,0.0,0.0,4.315462545427407,0.0,0.0,-5279051.995850887,-0.0,-0.0,7600000.0,0.0,0.0,-976.5334801058981,-0.0,-0.0,1.0,0.0,0.0
4.2,537320.2717449697,7600000.0,1.0,0.0,0.0,0.0,0.0,0.0,0.0,4.319033676947443,0.0,0.0,-5277701.226998003,-0.0,-0.0,7600000.0,0.0,0.0,-1000.9517974970137,-0.0,-0.0,1.0,0.0,0.0
4.25,537182.8631772634,7600000.0,1.0,0.0,0.0,0.0,0.0,0.0,0.0,4.322606074419957,0.0,0.0,-5276350.441002809,-0.0,-0.0,7600000.0,0.0,0.0,-1025.6884434025487,-0.0,-0.0,1.0,0.0,0.0
4.3,537045.4546095572,7600000.0,1.0,0.0,0.0,0.0,0.0,0.0,0.0,4.326179737763698,0.0,0.0,-5274999.637864263,-0.0,-0.0,7600000.0,0.0,0.0,-1050.7439843713903,-0.0,-0.0,1.0,0.0,0.0
4.35,536908.0460418509,7600000.0,1.0,0.0,0.0,0.0,0.0,0.0,0.0,4.3297546669007785,0.0,0.0,-5273648.817581327,-0.0,-0.0,7600000.0,0.0,0.0,-1076.118985092565,-0.0,-0.0,1.0,0.0,0.0
4.4,536770.6374741447,7600000.0,1.0,0.0,0.0,0.0,0.0,0.0,0.0,4.333330861756705,0.0,0.0,-5272297.980152973,-0.0,-0.0,7600000.0,0.0,0.0,-1101.8140083843186,-0.0,-0.0,1.0,0.0,0.0
4.45,536633.2289064385,7600000.0,1.0,0.0,0.0,0.0,0.0,0.0,0.0,4.336908322260381,0.0,0.0,-5270947.125578188,-0.0,-0.0,7600000.0,0.0,0.0,-1127.829615183439,-0.0,-0.0,1.0,0.0,0.0
4.5,536495.8203387322,7600000.0,1.0,0.0,0.0,0.0,0.0,0.0,0.0,4.340487048344155,0.0,0.0,-5269596.253855966,-0.0,-0.0,7600000.0,0.0,0.0,-1154.1663645339825,-0.0,-0.0,1.0,0.0,0.0
4.55,536358.411771026,7600000.0,1.0,0.0,0.0,0.0,0.0,0.0,0.0,4.344067039943829,0.0,0.0,-5268245.3649853105,-0.0,-0.0,7600000.0,0.0,0.0,-1180.824813576719,-0.0,-0.0,1.0,0.0,0.0
4.6,536221.0032033197,7600000.0,1.0,0.0,0.0,0.0,0.0,0.0,0.0,4.347648296998693,0.0,0.0,-5266894.458965237,-0.0,-0.0,7600000.0,0.0,0.0,-1207.8055175379704,-0.0,-0.0,1.0,0.0,0.0
4.65,536083.5946356135,7600000.0,1.0,0.0,0.0,0.0,0.0,0.0,0.0,4.351230819451548,0.0,0.0,-5265543.535794769,-0.0,-0.0,7600000.0,0.0,0.0,-1235.109029718682,-0.0,-0.0,1.0,0.0,0.0
4.7,535946.1860679073,7600000.0,1.0,0.0,0.0,0.0,0.0,0.0,0.0,4.35481460724872,0.0,0.0,-5264192.595472945,-0.0,-0.0,7600000.0,0.0,0.0,-1262.7359014837677,-0.0,-0.0,1.0,0.0,0.0
4.75,535808.777500201,7600000.0,1.0,0.0,0.0,0.0,0.0,0.0,0.0,4.358399660340109,0.0,0.0,-5262841.637998805,-0.0,-0.0,7600000.0,0.0,0.0,-1290.6866822507866,-0.0,-0.0,1.0,0.0,0.0
4.8,535671.3689324948,7600000.0,1.0,0.0,0.0,0.0,0.0,0.0,0.0,4.36198597867918,0.0,0.0,-5261490.663371411,-0.0,-0.0,7600000.0,0.0,0.0,-1318.9619194794286,-0.0,-0.0,1.0,0.0,0.0
4.85,535533.9603647885,7600000.0,1.0,0.0,0.0,0.0,0.0,0.0,0.0,4.3655735622230205,0.0,0.0,-5260139.671589826,-0.0,-0.0,7600000.0,0.0,0.0,-1347.562158660319,-0.0,-0.0,1.0,0.0,0.0
4.9,535396.5517970823,7600000.0,1.0,0.0,0.0,0.0,0.0,0.0,0.0,4.3691624109323515,0.0,0.0,-5258788.662653126,-0.0,-0.0,7600000.0,0.0,0.0,-1376.4879433042365,-0.0,-0.0,1.0,0.0,0.0
4.95,535259.1432293761,7600000.0,1.0,0.0,0.0,0.0,0.0,0.0,0.0,4.372752524771546,0.0,0.0,-5257437.636560397,-0.0,-0.0,7600000.0,0.0,0.0,-1405.739814931041,-0.0,-0.0,1.0,0.0,0.0
5.0,535121.7346616698,7600000.0,1.0,0.0,0.0,0.0,0.0,0.0,0.0,4.376343903708665,0.0,0.0,-5256086.593310738,-0.0,-0.0,7600000.0,0.0,0.0,-1435.318313058901,-0.0,-0.0,1.0,0.0,0.0
5.05,534984.3260939636,7600000.0,1.0,0.0,0.0,0.0,0.0,0.0,0.0,4.379936547715479,0.0,0.0,-5254735.532903254,-0.0,-0.0,7600000.0,0.0,0.0,-1465.223975193216,-0.0,-0.0,1.0,0.0,0.0
5.1,534846.9175262573,7600000.0,1.0,0.0,0.0,0.0,0.0,0.0,0.0,4.383530456767489,0.0,0.0,-5253384.455337064,-0.0,-0.0,7600000.0,0.0,0.0,-1495.4573368160086,-0.0,-0.0,1.0,0.0,0.0
5.15,534709.5089585511,7600000.0,1.0,0.0,0.0,0.0,0.0,0.0,0.0,4.387125630843966,0.0,0.0,-5252033.360611293,-0.0,-0.0,7600000.0,0.0,0.0,-1526.018931374531,-0.0,-0.0,1.0,0.0,0.0
5.2,534572.1003908449,7600000.0,1.0,0.0,0.0,0.0,0.0,0.0,0.0,4.39072206992795,0.0,0.0,-5250682.248725082,-0.0,-0.0,7600000.0,0.0,0.0,-1556.9092902706534,-0.0,-0.0,1.0,0.0,0.0
5.25,534434.6918231386,7600000.0,1.0,0.0,0.0,0.0,0.0,0.0,0.0,4.394319774006307,0.0,0.0,-5249331.119677575,-0.0,-0.0,7600000.0,0.0,0.0,-1588.1289428499535,-0.0,-0.0,1.0,0.0,0.0
5.3,534297.2832554324,7600000.0,1.0,0.0,0.0,0.0,0.0,0.0,0.0,4.397918743069726,0.0,0.0,-5247979.973467935,-0.0,-0.0,7600000.0,0.0,0.0,-1619.678416390803,-0.0,-0.0,1.0,0.0,0.0
5.35,534159.8746877261,7600000.0,1.0,0.0,0.0,0.0,0.0,0.0,0.0,4.4015189771127625,0.0,0.0,-5246628.810095328,-0.0,-0.0,7600000.0,0.0,0.0,-1651.5582360932785,-0.0,-0.0,1.0,0.0,0.0
5.4,534022.4661200199,7600000.0,1.0,0.0,0.0,0.0,0.0,0.0,0.0,4.405120476133859,0.0,0.0,-5245277.629558933,-0.0,-0.0,7600000.0,0.0,0.0,-1683.768925068234,-0.0,-0.0,1.0,0.0,0.0
5.45,533885.0575523137,7600000.0,1.0,0.0,0.0,0.0,0.0,0.0,0.0,4.408723240135365,0.0,0.0,-5243926.431857941,-0.0,-0.0,7600000.0,0.0,0.0,-1716.3110043267536,-0.0,-0.0,1.0,0.0,0.0
5.5,533747.6489846074,7600000.0,1.0,0.0,0.0,0.0,0.0,0.0,0.0,4.412327269123577,0.0,0.0,-5242575.2169915475,-0.0,-0.0,7600000.0,0.0,0.0,-1749.1849927686887,-0.0,-0.0,1.0,0.0,0.0
5.55,533610.2404169012,7600000.0,1.0,0.0,0.0,0.0,0.0,0.0,0.0,4.415932563108734,0.0,0.0,-5241223.984958969,-0.0,-0.0,7600000.0,0.0,0.0,-1782.3914071725017,-0.0,-0.0,1.0,0.0,0.0
5.6,533472.831849195,7600000.0,1.0,0.0,0.0,0.0,0.0,0.0,0.0,4.419539122105085,0.0,0.0,-5239872.735759422,-0.0,-0.0,7600000.0,0.0,0.0,-1815.9307621834048,-0.0,-0.0,1.0,0.0,0.0
5.65,533335.4232814887,7600000.0,1.0,0.0,0.0,0.0,0.0,0.0,0.0,4.423146946130877,0.0,0.0,-5238521.469392139,-0.0,-0.0,7600000.0,0.0,0.0,-1849.8035703032224,-0.0,-0.0,1.0,0.0,0.0
5.7,533198.0147137825,7600000.0,1.0,0.0,0.0,0.0,0.0,0.0,0.0,4.42675603520841,0.0,0.0,-5237170.185856359,-0.0,-0.0,7600000.0,0.0,0.0,-1884.0103418790975,-0.0,-0.0,1.0,0.0,0.0
5.75,533060.6061460762,7600000.0,1.0,0.0,0.0,0.0,0.0,0.0,0.0,4.4303663893640355,0.0,0.0,-5235818.885151335,-0.0,-0.0,7600000.0,0.0,0.0,-1918.5515850927943,-0.0,-0.0,1.0,0.0,0.0
5.8,532923.19757837,7600000.0,1.0,0.0,0.0,0.0,0.0,0.0,0.0,4.433978008628204,0.0,0.0,-5234467.567276328,-0.0,-0.0,7600000.0,0.0,0.0,-1953.4278059498088,-0.0,-0.0,1.0,0.0,0.0
5.85,532785.7890106637,7600000.0,1.0,0.0,0.0,0.0,0.0,0.0,0.0,4.437590893035479,0.0,0.0,-5233116.23223061,-0.0,-0.0,7600000.0,0.0,0.0,-1988.6395082682627,-0.0,-0.0,1.0,0.0,0.0
5.9,532648.3804429575,7600000.0,1.0,0.0,0.0,0.0,0.0,0.0,0.0,4.44120504262456,0.0,0.0,-5231764.880013467,-0.0,-0.0,7600000.0,0.0,0.0,-2024.1871936682285,-0.0,-0.0,1.0,0.0,0.0
5.95,532510.9718752513,7600000.0,1.0,0.0,0.0,0.0,0.0,0.0,0.0,4.444820457438326,0.0,0.0,-5230413.510624189,-0.0,-0.0,7600000.0,0.0,0.0,-2060.071361560623,-0.0,-0.0,1.0,0.0,0.0
6.0,532373.563307545,7600000.0,1.0,0.0,0.0,0.0,0.0,0.0,0.0,4.448437137523843,0.0,0.0,-5229062.124062081,-0.0,-0.0,7600000.0,0.0,0.0,-2096.2925091365414,-0.0,-0.0,1.0,0.0,0.0
6.05,532236.1547398388,7600000.0,1.0,0.0,0.0,0.0,0.0,0.0,0.0,4.452055082932401,0.0,0.0,-5227710.720326453,-0.0,-0.0,7600000.0,0.0,0.0,-2132.851131356158,-0.0,-0.0,1.0,0.0,0.0
6.1,532098.7461721326,7600000.0,1.0,0.0,0.0,0.0,0.0,0.0,0.0,4.455674293719523,0.0,0.0,-5226359.299416636,-0.0,-0.0,7600000.0,0.0,0.0,-2169.7477209383105,-0.0,-0.0,1.0,0.0,0.0
6.15,531961.3376044263,7600000.0,1.0,0.0,0.0,0.0,0.0,0.0,0.0,4.459294769945019,0.0,0.0,-5225007.861331958,-0.0,-0.0,7600000.0,0.0,0.0,-2206.982768348936,-0.0,-0.0,1.0,0.0,0.0
6.2,531823.9290367201,7600000.0,1.0,0.0,0.0,0.0,0.0,0.0,0.0,4.462916511672984,0.0,0.0,-5223656.406071768,-0.0,-0.0,7600000.0,0.0,0.0,-2244.556761790911,-0.0,-0.0,1.0,0.0,0.0
6.25,531686.5204690138,7600000.0,1.0,0.0,0.0,0.0,0.0,0.0,0.0,4.466539518971841,0.0,0.0,-5222304.933635421,-0.0,-0.0,7600000.0,0.0,0.0,-2282.470187192718,-0.0,-0.0,1.0,0.0,0.0
6.3,531549.1119013076,7600000.0,1.0,0.0,0.0,0.0,0.0,0.0,0.0,4.470163791914359,0.0,0.0,-5220953.444022284,-0.0,-0.0,7600000.0,0.0,0.0,-2320.7235281975804,-0.0,-0.0,1.0,0.0,0.0
6.35,531411.7033336014,7600000.0,1.0,0.0,0.0,0.0,0.0,0.0,0.0,4.473789330577691,0.0,0.0,-5219601.937231731,-0.0,-0.0,7600000.0,0.0,0.0,-2359.3172661528547,-0.0,-0.0,1.0,0.0,0.0
6.4,531274.2947658951,7600000.0,1.0,0.0,0.0,0.0,0.0,0.0,0.0,4.477416135043376,0.0,0.0,-5218250.41326315,-0.0,-0.0,7600000.0,0.0,0.0,-2398.25188009946,-0.0,-0.0,1.0,0.0,0.0
6.45,531136.8861981889,7600000.0,1.0,0.0,0.0,0.0,0.0,0.0,0.0,4.481044205397393,0.0,0.0,-5216898.872115939,-0.0,-0.0,7600000.0,0.0,0.0,-2437.5278467599987,-0.0,-0.0,1.0,0.0,0.0
6.5,530999.4776304826,7600000.0,1.0,0.0,0.0,0.0,0.0,0.0,0.0,4.484673541730171,0.0,0.0,-5215547.313789505,-0.0,-0.0,7600000.0,0.0,0.0,-2477.1456405292242,-0.0,-0.0,1.0,0.0,0.0
6.55,530862.0690627764,7600000.0,1.0,0.0,0.0,0.0,0.0,0.0,0.0,4.4883041441366105,0.0,0.0,-5214195.738283267,-0.0,-0.0,7600000.0,0.0,0.0,-2517.1057334621623,-0.0,-0.0,1.0,0.0,0.0
6.6,530724.6604950702,7600000.0,1.0,0.0,0.0,0.0,0.0,0.0,0.0,4.4919360127161285,0.0,0.0,-5212844.145596654,-0.0,-0.0,7600000.0,0.0,0.0,-2557.4085952638147,-0.0,-0.0,1.0,0.0,0.0
6.65,530587.2519273639,7600000.0,1.0,0.0,0.0,0.0,0.0,0.0,0.0,4.495569147572668,0.0,0.0,-5211492.535729106,-0.0,-0.0,7600000.0,0.0,0.0,-2598.0546932783523,-0.0,-0.0,1.0,0.0,0.0
6.7,530449.8433596577,7600000.0,1.0,0.0,0.0,0.0,0.0,0.0,0.0,4.499203548814731,0.0,0.0,-5210140.90868007,-0.0,-0.0,7600000.0,0.0,0.0,-2639.0444924783155,-0.0,-0.0,1.0,0.0,0.0
6.75,530312.4347919514,7600000.0,1.0,0.0,0.0,0.0,0.0,0.0,0.0,4.5028392165554045,0.0,0.0,-5208789.264449009,-0.0,-0.0,7600000.0,0.0,0.0,-2680.378455453236,-0.0,-0.0,1.0,0.0,0.0
6.8,530175.0262242452,7600000.0,1.0,0.0,0.0,0.0,0.0,0.0,0.0,4.506476150912382,0.0,0.0,-5207437.603035393,-0.0,-0.0,7600000.0,0.0,0.0,-2722.057042399695,-0.0,-0.0,1.0,0.0,0.0
6.85,530037.617656539,7600000.0,1.0,0.0,0.0,0.0,0.0,0.0,0.0,4.510114352008002,0.0,0.0,-5206085.924438703,-0.0,-0.0,7600000.0,0.0,0.0,-2764.0807111099666,-0.0,-0.0,1.0,0.0,0.0
6.9,529900.2090888327,7600000.0,1.0,0.0,0.0,0.0,0.0,0.0,0.0,4.5137538199692555,0.0,0.0,-5204734.228658432,-0.0,-0.0,7600000.0,0.0,0.0,-2806.4499169615297,-0.0,-0.0,1.0,0.0,0.0
6.95,529762.8005211265,7600000.0,1.0,0.0,0.0,0.0,0.0,0.0,0.0,4.517394554927831,0.0,0.0,-5203382.515694082,-0.0,-0.0,7600000.0,0.0,0.0,-2849.1651129062993,-0.0,-0.0,1.0,0.0,0.0
7.0,529625.3919534202,7600000.0,1.0,0.0,0.0,0.0,0.0,0.0,0.0,4.521036557020127,0.0,0.0,-5202030.785545167,-0.0,-0.0,7600000.0,0.0,0.0,-2892.2267494592425,-0.0,-0.0,1.0,0.0,0.0
7.05,529487.983385714,7600000.0,1.0,0.0,0.0,0.0,0.0,0.0,0.0,4.5246798263872945,0.0,0.0,-5200679.038211207,-0.0,-0.0,7600000.0,0.0,0.0,-2935.635274688544,-0.0,-0.0,1.0,0.0,0.0
7.1,529350.5748180078,7600000.0,1.0,0.0,0.0,0.0,0.0,0.0,0.0,4.528324363175242,0.0,0.0,-5199327.273691739,-0.0,-0.0,7600000.0,0.0,0.0,-2979.3911342042425,-0.0,-0.0,1.0,0.0,0.0
7.15,529213.1662503015,7600000.0,1.0,0.0,0.0,0.0,0.0,0.0,0.0,4.531970167534679,0.0,0.0,-5197975.491986307,-0.0,-0.0,7600000.0,0.0,0.0,-3023.494771147797,-0.0,-0.0,1.0,0.0,0.0
7.2,529075.7576825953,7600000.0,1.0,0.0,0.0,0.0,0.0,0.0,0.0,4.535617239621132,0.0,0.0,-5196623.693094467,-0.0,-0.0,7600000.0,0.0,0.0,-3067.9466261810353,-0.0,-0.0,1.0,0.0,0.0
7.25,528938.349114889,7600000.0,1.0,0.0,0.0,0.0,0.0,0.0,0.0,4.539265579594985,0.0,0.0,-5195271.8770157825,-0.0,-0.0,7600000.0,0.0,0.0,-3112.7471374757524,-0.0,-0.0,1.0,0.0,0.0
7.3,528800.9405471828,7600000.0,1.0,0.0,0.0,0.0,0.0,0.0,0.0,4.542915187621484,0.0,0.0,-5193920.043749833,-0.0,-0.0,7600000.0,0.0,0.0,-3157.896740703009,-0.0,-0.0,1.0,0.0,0.0
7.35,528663.5319794766,7600000.0,1.0,0.0,0.0,0.0,0.0,0.0,0.0,4.546566063870789,0.0,0.0,-5192568.1932962015,-0.0,-0.0,7600000.0,0.0,0.0,-3203.395869022077,-0.0,-0.0,1.0,0.0,0.0
7.4,528526.1234117703,7600000.0,1.0,0.0,0.0,0.0,0.0,0.0,0.0,4.550218208517976,0.0,0.0,-5191216.32565449,-0.0,-0.0,7600000.0,0.0,0.0,-3249.2449530700924,-0.0,-0.0,1.0,0.0,0.0
7.45,528388.7148440641,7600000.0,1.0,0.0,0.0,0.0,0.0,0.0,0.0,4.553871621743086,0.0,0.0,-5189864.440824304,-0.0,-0.0,7600000.0,0.0,0.0,-3295.44442095101,-0.0,-0.0,1.0,0.0,0.0
7.5,528251.3062763578,7600000.0,1.0,0.0,0.0,0.0,0.0,0.0,0.0,4.55752630373114,0.0,0.0,-5188512.53880526,-0.0,-0.0,7600000.0,0.0,0.0,-3341.994698224915,-0.0,-0.0,1.0,0.0,0.0
7.55,528113.8977086516,7600000.0,1.0,0.0,0.0,0.0,0.0,0.0,0.0,4.561182254672157,0.0,0.0,-5187160.619596992,-0.0,-0.0,7600000.0,0.0,0.0,-3388.8962078984473,-0.0,-0.0,1.0,0.0,0.0
7.6,527976.4891409454,7600000.0,1.0,0.0,0.0,0.0,0.0,0.0,0.0,4.5648394747611984,0.0,0.0,-5185808.6831991365,-0.0,-0.0,7600000.0,0.0,0.0,-3436.149370412711,-0.0,-0.0,1.0,0.0,0.0
7.65,527839.0805732391,7600000.0,1.0,0.0,0.0,0.0,0.0,0.0,0.0,4.568497964198385,0.0,0.0,-5184456.729611347,-0.0,-0.0,7600000.0,0.0,0.0,-3483.7546036329527,-0.0,-0.0,1.0,0.0,0.0
7.7,527701.6720055329,7600000.0,1.0,0.0,0.0,0.0,0.0,0.0,0.0,4.572157723188931,0.0,0.0,-5183104.758833282,-0.0,-0.0,7600000.0,0.0,0.0,-3531.7123228386945,-0.0,-0.0,1.0,0.0,0.0
7.75,527564.2634378267,7600000.0,1.0,0.0,0.0,0.0,0.0,0.0,0.0,4.575818751943155,0.0,0.0,-5181752.770864614,-0.0,-0.0,7600000.0,0.0,0.0,-3580.022940711965,-0.0,-0.0,1.0,0.0,0.0
7.8,527426.8548701204,7600000.0,1.0,0.0,0.0,0.0,0.0,0.0,0.0,4.579481050676528,0.0,0.0,-5180400.765705025,-0.0,-0.0,7600000.0,0.0,0.0,-3628.6868673278304,-0.0,-0.0,1.0,0.0,0.0
7.85,527289.4463024142,7600000.0,1.0,0.0,0.0,0.0,0.0,0.0,0.0,4.583144619609679,0.0,0.0,-5179048.74335421,-0.0,-0.0,7600000.0,0.0,0.0,-3677.704510143024,-0.0,-0.0,1.0,0.0,0.0
7.9,527152.0377347079,7600000.0,1.0,0.0,0.0,0.0,0.0,0.0,0.0,4.58680945896844,0.0,0.0,-5177696.70381187,-0.0,-0.0,7600000.0,0.0,0.0,-3727.0762739857455,-0.0,-0.0,1.0,0.0,0.0
7.95,527014.6291670017,7600000.0,1.0,0.0,0.0,0.0,0.0,0.0,0.0,4.590475568983859,0.0,0.0,-5176344.647077722,-0.0,-0.0,7600000.0,0.0,0.0,-3776.8025610446775,-0.0,-0.0,1.0,0.0,0.0
8.0,526877.2205992955,7600000.0,1.0,0.0,0.0,0.0,0.0,0.0,0.0,4.594142949892235,0.0,0.0,-5174992.57315149,-0.0,-0.0,7600000.0,0.0,0.0,-3826.8837708588185,-0.0,-0.0,1.0,0.0,0.0
8.05,526739.8120315892,7600000.0,1.0,0.0,0.0,0.0,0.0,0.0,0.0,4.597811601935144,0.0,0.0,-5173640.48203291,-0.0,-0.0,7600000.0,0.0,0.0,-3877.320300306937,-0.0,-0.0,1.0,0.0,0.0
8.1,526602.403463883,7600000.0,1.0,0.0,0.0,0.0,0.0,0.0,0.0,4.601481525359467,0.0,0.0,-5172288.373721728,-0.0,-0.0,7600000.0,0.0,0.0,-3928.1125435961712,-0.0,-0.0,1.0,0.0,0.0
8.15,526464.9948961767,7600000.0,1.0,0.0,0.0,0.0,0.0,0.0,0.0,4.605152720417408,0.0,0.0,-5170936.248217701,-0.0,-0.0,7600000.0,0.0,0.0,-3979.260892252767,-0.0,-0.0,1.0,0.0,0.0
8.2,526327.5863284705,7600000.0,1.0,0.0,0.0,0.0,0.0,0.0,0.0,4.608825187366531,0.0,0.0,-5169584.105520598,-0.0,-0.0,7600000.0,0.0,0.0,-4030.765735111149,-0.0,-0.0,1.0,0.0,0.0
8.25,526190.1777607643,7600000.0,1.0,0.0,0.0,0.0,0.0,0.0,0.0,4.6124989264697795,0.0,0.0,-5168231.945630197,-0.0,-0.0,7600000.0,0.0,0.0,-4082.627458302528,-0.0,-0.0,1.0,0.0,0.0
8.3,526052.769193058,7600000.0,1.0,0.0,0.0,0.0,0.0,0.0,0.0,4.616173937995518,0.0,0.0,-5166879.768546286,-0.0,-0.0,7600000.0,0.0,0.0,-4134.846445245276,-0.0,-0.0,1.0,0.0,0.0
8.35,525915.3606253518,7600000.0,1.0,0.0,0.0,0.0,0.0,0.0,0.0,4.6198502222175355,0.0,0.0,-5165527.574268666,-0.0,-0.0,7600000.0,0.0,0.0,-4187.423076634906,-0.0,-0.0,1.0,0.0,0.0
8.4,525777.9520576455,7600000.0,1.0,0.0,0.0,0.0,0.0,0.0,0.0,4.62352777941509,0.0,0.0,-5164175.3627971485,-0.0,-0.0,7600000.0,0.0,0.0,-4240.357730432247,-0.0,-0.0,1.0,0.0,0.0
8.45,525640.5434899393,7600000.0,1.0,0.0,0.0,0.0,0.0,0.0,0.0,4.6272066098729345,0.0,0.0,-5162823.134131554,-0.0,-0.0,7600000.0,0.0,0.0,-4293.650781853895,-0.0,-0.0,1.0,0.0,0.0
8.5,525503.1349222331,7600000.0,1.0,0.0,0.0,0.0,0.0,0.0,0.0,4.63088671388134,0.0,0.0,-5161470.888271712,-0.0,-0.0,7600000.0,0.0,0.0,-4347.302603361777,-0.0,-0.0,1.0,0.0,0.0
8.55,525365.7263545268,7600000.0,1.0,0.0,0.0,0.0,0.0,0.0,0.0,4.634568091736113,0.0,0.0,-5160118.625217469,-0.0,-0.0,7600000.0,0.0,0.0,-4401.313564652256,-0.0,-0.0,1.0,0.0,0.0
8.6,525228.3177868206,7600000.0,1.0,0.0,0.0,0.0,0.0,0.0,0.0,4.638250743738645,0.0,0.0,-5158766.344968677,-0.0,-0.0,7600000.0,0.0,0.0,-4455.684032646179,-0.0,-0.0,1.0,0.0,0.0
8.65,525090.9092191143,7600000.0,1.0,0.0,0.0,0.0,0.0,0.0,0.0,4.641934670195918,0.0,0.0,-5157414.0475252,-0.0,-0.0,7600000.0,0.0,0.0,-4510.41437147801,-0.0,-0.0,1.0,0.0,0.0
8.7,524953.5006514081,7600000.0,1.0,0.0,0.0,0.0,0.0,0.0,0.0,4.645619871420547,0.0,0.0,-5156061.732886913,-0.0,-0.0,7600000.0,0.0,0.0,-4565.504942486425,-0.0,-0.0,1.0,0.0,0.0
8.75,524816.0920837019,7600000.0,1.0,0.0,0.0,0.0,0.0,0.0,0.0,4.649306347730795,0.0,0.0,-5154709.401053703,-0.0,-0.0,7600000.0,0.0,0.0,-4620.956104202455,-0.0,-0.0,1.0,0.0,0.0
8.8,524678.6835159956,7600000.0,1.0,0.0,0.0,0.0,0.0,0.0,0.0,4.652994099450613,0.0,0.0,-5153357.052025465,-0.0,-0.0,7600000.0,0.0,0.0,-4676.768212340126,-0.0,-0.0,1.0,0.0,0.0
8.85,524541.2749482894,7600000.0,1.0,0.0,0.0,0.0,0.0,0.0,0.0,4.6566831269096545,0.0,0.0,-5152004.685802107,-0.0,-0.0,7600000.0,0.0,0.0,-4732.941619786122,-0.0,-0.0,1.0,0.0,0.0
8.9,524403.8663805831,7600000.0,1.0,0.0,0.0,0.0,0.0,0.0,0.0,4.6603734304433,0.0,0.0,-5150652.302383549,-0.0,-0.0,7600000.0,0.0,0.0,-4789.47667658947,-0.0,-0.0,1.0,0.0,0.0
8.95,524266.4578128769,7600000.0,1.0,0.0,0.0,0.0,0.0,0.0,0.0,4.664065010392713,0.0,0.0,-5149299.901769716,-0.0,-0.0,7600000.0,0.0,0.0,-4846.373729950198,-0.0,-0.0,1.0,0.0,0.0
9.0,524129.04924517067,7600000.0,1.0,0.0,0.0,0.0,0.0,0.0,0.0,4.667757867104833,0.0,0.0,-5147947.483960549,-0.0,-0.0,7600000.0,0.0,0.0,-4903.63312421059,-0.0,-0.0,1.0,0.0,0.0
9.05,523991.6406774644,7600000.0,1.0,0.0,0.0,0.0,0.0,0.0,0.0,4.671452000932412,0.0,0.0,-5146595.048956001,-0.0,-0.0,7600000.0,0.0,0.0,-4961.255200843877,-0.0,-0.0,1.0,0.0,0.0
9.1,523854.2321097582,7600000.0,1.0,0.0,0.0,0.0,0.0,0.0,0.0,4.675147412234058,0.0,0.0,-5145242.59675603,-0.0,-0.0,7600000.0,0.0,0.0,-5019.240298443953,-0.0,-0.0,1.0,0.0,0.0
9.15,523716.82354205195,7600000.0,1.0,0.0,0.0,0.0,0.0,0.0,0.0,4.678844101374239,0.0,0.0,-5143890.12736061,-0.0,-0.0,7600000.0,0.0,0.0,-5077.58875271623,-0.0,-0.0,1.0,0.0,0.0
9.2,523579.4149743457,7600000.0,1.0,0.0,0.0,0.0,0.0,0.0,0.0,4.682542068723333,0.0,0.0,-5142537.640769722,-0.0,-0.0,7600000.0,0.0,0.0,-5136.300896465768,-0.0,-0.0,1.0,0.0,0.0
9.25,523442.00640663947,7600000.0,1.0,0.0,0.0,0.0,0.0,0.0,0.0,4.686241314657631,0.0,0.0,-5141185.13698336,-0.0,-0.0,7600000.0,0.0,0.0,-5195.377059588717,-0.0,-0.0,1.0,0.0,0.0
9.3,523304.59783893323,7600000.0,1.0,0.0,0.0,0.0,0.0,0.0,0.0,4.6899418395593795,0.0,0.0,-5139832.6160015315,-0.0,-0.0,7600000.0,0.0,0.0,-5254.817569061026,-0.0,-0.0,1.0,0.0,0.0
9.35,523167.189271227,7600000.0,1.0,0.0,0.0,0.0,0.0,0.0,0.0,4.693643643816816,0.0,0.0,-5138480.077824248,-0.0,-0.0,7600000.0,0.0,0.0,-5314.622748928246,-0.0,-0.0,1.0,0.0,0.0
9.4,523029.78070352075,7600000.0,1.0,0.0,0.0,0.0,0.0,0.0,0.0,4.697346727824172,0.0,0.0,-5137127.522451537,-0.0,-0.0,7600000.0,0.0,0.0,-5374.792920295944,-0.0,-0.0,1.0,0.0,0.0
9.45,522892.3721358145,7600000.0,1.0,0.0,0.0,0.0,0.0,0.0,0.0,4.70105109198172,0.0,0.0,-5135774.949883435,-0.0,-0.0,7600000.0,0.0,0.0,-5435.328401319574,-0.0,-0.0,1.0,0.0,0.0
9.5,522754.9635681083,7600000.0,1.0,0.0,0.0,0.0,0.0,0.0,0.0,4.704756736695789,0.0,0.0,-5134422.360119991,-0.0,-0.0,7600000.0,0.0,0.0,-5496.229507193768,-0.0,-0.0,1.0,0.0,0.0
9.55,522617.55500040203,7600000.0,1.0,0.0,0.0,0.0,0.0,0.0,0.0,4.708463662378804,0.0,0.0,-5133069.753161264,-0.0,-0.0,7600000.0,0.0,0.0,-5557.496550142824,-0.0,-0.0,1.0,0.0,0.0
9.6,522480.1464326958,7600000.0,1.0,0.0,0.0,0.0,0.0,0.0,0.0,4.712171869449304,0.0,0.0,-5131717.129007321,-0.0,-0.0,7600000.0,0.0,0.0,-5619.1298394100195,-0.0,-0.0,1.0,0.0,0.0
9.65,522342.73786498955,7600000.0,1.0,0.0,0.0,0.0,0.0,0.0,0.0,4.715881358331968,0.0,0.0,-5130364.487658245,-0.0,-0.0,7600000.0,0.0,0.0,-5681.129681248142,-0.0,-0.0,1.0,0.0,0.0
9.7,522205.3292972833,7600000.0,1.0,0.0,0.0,0.0,0.0,0.0,0.0,4.719592129457651,0.0,0.0,-5129011.829114125,-0.0,-0.0,7600000.0,0.0,0.0,-5743.496378909466,-0.0,-0.0,1.0,0.0,0.0
9.75,522067.9207295771,7600000.0,1.0,0.0,0.0,0.0,0.0,0.0,0.0,4.7233041832634,0.0,0.0,-5127659.153375066,-0.0,-0.0,7600000.0,0.0,0.0,-5806.23023263446,-0.0,-0.0,1.0,0.0,0.0
9.8,521930.51216187084,7600000.0,1.0,0.0,0.0,0.0,0.0,0.0,0.0,4.727017520192498,0.0,0.0,-5126306.460441178,-0.0,-0.0,7600000.0,0.0,0.0,-5869.3315396436465,-0.0,-0.0,1.0,0.0,0.0
9.85,521793.1035941646,7600000.0,1.0,0.0,0.0,0.0,0.0,0.0,0.0,4.73073214069447,0.0,0.0,-5124953.750312585,-0.0,-0.0,7600000.0,0.0,0.0,-5932.800594126379,-0.0,-0.0,1.0,0.0,0.0
9.9,521655.69502645836,7600000.0,1.0,0.0,0.0,0.0,0.0,0.0,0.0,4.734448045225128,0.0,0.0,-5123601.022989424,-0.0,-0.0,7600000.0,0.0,0.0,-5996.637687230835,-0.0,-0.0,1.0,0.0,0.0
9.95,521518.2864587521,7600000.0,1.0,0.0,0.0,0.0,0.0,0.0,0.0,4.7381652342465905,0.0,0.0,-5122248.278471838,-0.0,-0.0,7600000.0,0.0,0.0,-6060.843107055378,-0.0,-0.0,1.0,0.0,0.0
10.0,521380.8778910459,7600000.0,1.0,0.0,0.0,0.0,0.0,0.0,0.0,4.741883708227305,0.0,0.0,-5120895.516759985,-0.0,-0.0,7600000.0,0.0,0.0,-6125.417138637343,-0.0,-0.0,1.0,0.0,0.0
10.05,521243.46932333964,7600000.0,1.0,0.0,0.0,0.0,0.0,0.0,0.0,4.745603467642088,0.0,0.0,-5119542.737854034,-0.0,-0.0,7600000.0,0.0,0.0,-6190.360063943092,-0.0,-0.0,1.0,0.0,0.0
10.1,521106.0607556334,7600000.0,1.0,0.0,0.0,0.0,0.0,0.0,0.0,4.749324512972151,0.0,0.0,-5118189.941754158,-0.0,-0.0,7600000.0,0.0,0.0,-6255.672161858122,-0.0,-0.0,1.0,0.0,0.0
10.15,520968.65218792716,7600000.0,1.0,0.0,0.0,0.0,0.0,0.0,0.0,4.753046844705104,0.0,0.0,-5116837.128460552,-0.0,-0.0,7600000.0,0.0,0.0,-6321.353708178548,-0.0,-0.0,1.0,0.0,0.0
10.2,520831.2436202209,7600000.0,1.0,0.0,0.0,0.0,0.0,0.0,0.0,4.756770463335021,0.0,0.0,-5115484.297973412,-0.0,-0.0,7600000.0,0.0,0.0,-6387.40497559991,-0.0,-0.0,1.0,0.0,0.0
10.25,520693.8350525147,7600000.0,1.0,0.0,0.0,0.0,0.0,0.0,0.0,4.760495369362436,0.0,0.0,-5114131.450292951,-0.0,-0.0,7600000.0,0.0,0.0,-6453.82623370804,-0.0,-0.0,1.0,0.0,0.0
10.3,520556.42648480844,7600000.0,1.0,0.0,0.0,0.0,0.0,0.0,0.0,4.764221563294386,0.0,0.0,-5112778.585419391,-0.0,-0.0,7600000.0,0.0,0.0,-6520.617748967832,-0.0,-0.0,1.0,0.0,0.0
10.35,520419.0179171022,7600000.0,1.0,0.0,0.0,0.0,0.0,0.0,0.0,4.76794904564443,0.0,0.0,-5111425.703352966,-0.0,-0.0,7600000.0,0.0,0.0,-6587.7797847163,-0.0,-0.0,1.0,0.0,0.0
10.4,520281.60934939596,7600000.0,1.0,0.0,0.0,0.0,0.0,0.0,0.0,4.7716778169326926,0.0,0.0,-5110072.804093917,-0.0,-0.0,7600000.0,0.0,0.0,-6655.312601149256,-0.0,-0.0,1.0,0.0,0.0
10.45,520144.2007816897,7600000.0,1.0,0.0,0.0,0.0,0.0,0.0,0.0,4.775407877685862,0.0,0.0,-5108719.887642502,-0.0,-0.0,7600000.0,0.0,0.0,-6723.216455314421,-0.0,-0.0,1.0,0.0,0.0
10.5,520006.7922139835,7600000.0,1.0,0.0,0.0,0.0,0.0,0.0,0.0,4.779139228437255,0.0,0.0,-5107366.953998983,-0.0,-0.0,7600000.0,0.0,0.0,-6791.4916011002715,-0.0,-0.0,1.0,0.0,0.0
10.55,519869.38364627725,7600000.0,1.0,0.0,0.0,0.0,0.0,0.0,0.0,4.782871869726805,0.0,0.0,-5106014.003163639,-0.0,-0.0,7600000.0,0.0,0.0,-6860.138289227083,-0.0,-0.0,1.0,0.0,0.0
10.6,519731.975078571,7600000.0,1.0,0.0,0.0,0.0,0.0,0.0,0.0,4.786605802101122,0.0,0.0,-5104661.035136758,-0.0,-0.0,7600000.0,0.0,0.0,-6929.156767236502,-0.0,-0.0,1.0,0.0,0.0
10.65,519594.56651086477,7600000.0,1.0,0.0,0.0,0.0,0.0,0.0,0.0,4.790341026113503,0.0,0.0,-5103308.049918638,-0.0,-0.0,7600000.0,0.0,0.0,-6998.547279482662,-0.0,-0.0,1.0,0.0,0.0
10.7,519457.1579431585,7600000.0,1.0,0.0,0.0,0.0,0.0,0.0,0.0,4.794077542323961,0.0,0.0,-5101955.047509587,-0.0,-0.0,7600000.0,0.0,0.0,-7068.310067121777,-0.0,-0.0,1.0,0.0,0.0
10.75,519319.7493754523,7600000.0,1.0,0.0,0.0,0.0,0.0,0.0,0.0,4.797815351299257,0.0,0.0,-5100602.027909928,-0.0,-0.0,7600000.0,0.0,0.0,-7138.4453681033165,-0.0,-0.0,1.0,0.0,0.0
10.8,519182.34080774605,7600000.0,1.0,0.0,0.0,0.0,0.0,0.0,0.0,4.801554453612925,0.0,0.0,-5099248.991119989,-0.0,-0.0,7600000.0,0.0,0.0,-7208.953417159651,-0.0,-0.0,1.0,0.0,0.0
10.85,519044.9322400398,7600000.0,1.0,0.0,0.0,0.0,0.0,0.0,0.0,4.805294849845293,0.0,0.0,-5097895.9371401165,-0.0,-0.0,7600000.0,0.0,0.0,-7279.834445798065,-0.0,-0.0,1.0,0.0,0.0
10.9,518907.52367233357,7600000.0,1.0,0.0,0.0,0.0,0.0,0.0,0.0,4.809036540583518,0.0,0.0,-5096542.865970664,-0.0,-0.0,7600000.0,0.0,0.0,-7351.088682288863,-0.0,-0.0,1.0,0.0,0.0
10.95,518770.11510462733,7600000.0,1.0,0.0,0.0,0.0,0.0,0.0,0.0,4.812779526421622,0.0,0.0,-5095189.777611992,-0.0,-0.0,7600000.0,0.0,0.0,-7422.716351657445,-0.0,-0.0,1.0,0.0,0.0
11.0,518632.7065369211,7600000.0,1.0,0.0,0.0,0.0,0.0,0.0,0.0,4.816523807960502,0.0,0.0,-5093836.6720644785,-0.0,-0.0,7600000.0,0.0,0.0,-7494.717675673997,-0.0,-0.0,1.0,0.0,0.0
11.05,518495.29796921485,7600000.0,1.0,0.0,0.0,0.0,0.0,0.0,0.0,4.8202693858079595,0.0,0.0,-5092483.549328511,-0.0,-0.0,7600000.0,0.0,0.0,-7567.092872844865,-0.0,-0.0,1.0,0.0,0.0
11.1,518357.8894015086,7600000.0,1.0,0.0,0.0,0.0,0.0,0.0,0.0,4.824016260578744,0.0,0.0,-5091130.409404484,-0.0,-0.0,7600000.0,0.0,0.0,-7639.842158403118,-0.0,-0.0,1.0,0.0,0.0
11.15,518220.4808338024,7600000.0,1.0,0.0,0.0,0.0,0.0,0.0,0.0,4.827764432894559,0.0,0.0,-5089777.252292807,-0.0,-0.0,7600000.0,0.0,0.0,-7712.965744298323,-0.0,-0.0,1.0,0.0,0.0
11.2,518083.07226609613,7600000.0,1.0,0.0,0.0,0.0,0.0,0.0,0.0,4.831513903384101,0.0,0.0,-5088424.077993901,-0.0,-0.0,7600000.0,0.0,0.0,-7786.463839187991,-0.0,-0.0,1.0,0.0,0.0
11.25,517945.6636983899,7600000.0,1.0,0.0,0.0,0.0,0.0,0.0,0.0,4.8352646726830955,0.0,0.0,-5087070.886508196,-0.0,-0.0,7600000.0,0.0,0.0,-7860.336648426522,-0.0,-0.0,1.0,0.0,0.0
11.3,517808.25513068365,7600000.0,1.0,0.0,0.0,0.0,0.0,0.0,0.0,4.8390167414343,0.0,0.0,-5085717.677836133,-0.0,-0.0,7600000.0,0.0,0.0,-7934.584374058405,-0.0,-0.0,1.0,0.0,0.0
11.35,517670.8465629774,7600000.0,1.0,0.0,0.0,0.0,0.0,0.0,0.0,4.842770110287557,0.0,0.0,-5084364.451978164,-0.0,-0.0,7600000.0,0.0,0.0,-8009.207214808112,-0.0,-0.0,1.0,0.0,0.0
11.4,517533.4379952712,7600000.0,1.0,0.0,0.0,0.0,0.0,0.0,0.0,4.846524779899801,0.0,0.0,-5083011.208934753,-0.0,-0.0,7600000.0,0.0,0.0,-8084.205366069052,-0.0,-0.0,1.0,0.0,0.0
11.45,517396.02942756494,7600000.0,1.0,0.0,0.0,0.0,0.0,0.0,0.0,4.8502807509351005,0.0,0.0,-5081657.948706375,-0.0,-0.0,7600000.0,0.0,0.0,-8159.579019896045,-0.0,-0.0,1.0,0.0,0.0
11.5,517258.6208598587,7600000.0,1.0,0.0,0.0,0.0,0.0,0.0,0.0,4.854038024064676,0.0,0.0,-5080304.671293518,-0.0,-0.0,7600000.0,0.0,0.0,-8235.328364996118,-0.0,-0.0,1.0,0.0,0.0
11.55,517121.21229215246,7600000.0,1.0,0.0,0.0,0.0,0.0,0.0,0.0,4.85779659996694,0.0,0.0,-5078951.376696672,-0.0,-0.0,7600000.0,0.0,0.0,-8311.4535867175,-0.0,-0.0,1.0,0.0,0.0
11.6,516983.8037244462,7600000.0,1.0,0.0,0.0,0.0,0.0,0.0,0.0,4.8615564793275,0.0,0.0,-5077598.064916351,-0.0,-0.0,7600000.0,0.0,0.0,-8387.954867044064,-0.0,-0.0,1.0,0.0,0.0
11.65,516846.39515674,7600000.0,1.0,0.0,0.0,0.0,0.0,0.0,0.0,4.865317662839206,0.0,0.0,-5076244.735953072,-0.0,-0.0,7600000.0,0.0,0.0,-8464.832384582573,-0.0,-0.0,1.0,0.0,0.0
11.7,516708.98658903374,7600000.0,1.0,0.0,0.0,0.0,0.0,0.0,0.0,4.869080151202181,0.0,0.0,-5074891.389807364,-0.0,-0.0,7600000.0,0.0,0.0,-8542.086314554432,-0.0,-0.0,1.0,0.0,0.0
11.75,516571.5780213275,7600000.0,1.0,0.0,0.0,0.0,0.0,0.0,0.0,4.872843945123827,0.0,0.0,-5073538.0264797695,-0.0,-0.0,7600000.0,0.0,0.0,-8619.716828788472,-0.0,-0.0,1.0,0.0,0.0
11.8,516434.16945362126,7600000.0,1.0,0.0,0.0,0.0,0.0,0.0,0.0,4.876609045318875,0.0,0.0,-5072184.64597084,-0.0,-0.0,7600000.0,0.0,0.0,-8697.72409570907,-0.0,-0.0,1.0,0.0,0.0
11.85,516296.760885915,7600000.0,1.0,0.0,0.0,0.0,0.0,0.0,0.0,4.880375452509403,0.0,0.0,-5070831.248281136,-0.0,-0.0,7600000.0,0.0,0.0,-8776.108280329006,-0.0,-0.0,1.0,0.0,0.0
11.9,516159.3523182088,7600000.0,1.0,0.0,0.0,0.0,0.0,0.0,0.0,4.884143167424851,0.0,0.0,-5069477.833411235,-0.0,-0.0,7600000.0,0.0,0.0,-8854.869544240439,-0.0,-0.0,1.0,0.0,0.0
11.95,516021.94375050254,7600000.0,1.0,0.0,0.0,0.0,0.0,0.0,0.0,4.88791219080207,0.0,0.0,-5068124.401361722,-0.0,-0.0,7600000.0,0.0,0.0,-8934.008045605,-0.0,-0.0,1.0,0.0,0.0
12.0,515884.5351827963,7600000.0,1.0,0.0,0.0,0.0,0.0,0.0,0.0,4.891682523385333,0.0,0.0,-5066770.952133192,-0.0,-0.0,7600000.0,0.0,0.0,-9013.523939145798,-0.0,-0.0,1.0,0.0,0.0
12.05,515747.12661509006,7600000.0,1.0,0.0,0.0,0.0,0.0,0.0,0.0,4.895454165926374,0.0,0.0,-5065417.485726252,-0.0,-0.0,7600000.0,0.0,0.0,-9093.417376136522,-0.0,-0.0,1.0,0.0,0.0
12.1,515609.7180473838,7600000.0,1.0,0.0,0.0,0.0,0.0,0.0,0.0,4.899227119184405,0.0,0.0,-5064064.002141521,-0.0,-0.0,7600000.0,0.0,0.0,-9173.688504396514,-0.0,-0.0,1.0,0.0,0.0
12.15,515472.3094796776,7600000.0,1.0,0.0,0.0,0.0,0.0,0.0,0.0,4.903001383926144,0.0,0.0,-5062710.501379631,-0.0,-0.0,7600000.0,0.0,0.0,-9254.33746827694,-0.0,-0.0,1.0,0.0,0.0
12.2,515334.90091197134,7600000.0,1.0,0.0,0.0,0.0,0.0,0.0,0.0,4.906776960925857,0.0,0.0,-5061356.983441219,-0.0,-0.0,7600000.0,0.0,0.0,-9335.364408655949,-0.0,-0.0,1.0,0.0,0.0
12.25,515197.4923442651,7600000.0,1.0,0.0,0.0,0.0,0.0,0.0,0.0,4.910553850965359,0.0,0.0,-5060003.44832694,-0.0,-0.0,7600000.0,0.0,0.0,-9416.769462927852,-0.0,-0.0,1.0,0.0,0.0
12.3,515060.08377655887,7600000.0,1.0,0.0,0.0,0.0,0.0,0.0,0.0,4.914332054834069,0.0,0.0,-5058649.896037454,-0.0,-0.0,7600000.0,0.0,0.0,-9498.552764994343,-0.0,-0.0,1.0,0.0,0.0
12.35,514922.6752088526,7600000.0,1.0,0.0,0.0,0.0,0.0,0.0,0.0,4.918111573329019,0.0,0.0,-5057296.326573435,-0.0,-0.0,7600000.0,0.0,0.0,-9580.714445256794,-0.0,-0.0,1.0,0.0,0.0
12.4,514785.2666411464,7600000.0,1.0,0.0,0.0,0.0,0.0,0.0,0.0,4.921892407254876,0.0,0.0,-5055942.739935572,-0.0,-0.0,7600000.0,0.0,0.0,-9663.254630607536,-0.0,-0.0,1.0,0.0,0.0
12.45,514647.85807344015,7600000.0,1.0,0.0,0.0,0.0,0.0,0.0,0.0,4.925674557423993,0.0,0.0,-5054589.136124559,-0.0,-0.0,7600000.0,0.0,0.0,-9746.173444420161,-0.0,-0.0,1.0,0.0,0.0
12.5,514510.4495057339,7600000.0,1.0,0.0,0.0,0.0,0.0,0.0,0.0,4.929458024656418,0.0,0.0,-5053235.5151411025,-0.0,-0.0,7600000.0,0.0,0.0,-9829.471006540827,-0.0,-0.0,1.0,0.0,0.0
12.55,514373.04093802767,7600000.0,1.0,0.0,0.0,0.0,0.0,0.0,0.0,4.933242809779919,0.0,0.0,-5051881.876985923,-0.0,-0.0,7600000.0,0.0,0.0,-9913.147433280725,-0.0,-0.0,1.0,0.0,0.0
12.6,514235.63237032143,7600000.0,1.0,0.0,0.0,0.0,0.0,0.0,0.0,4.937028913630028,0.0,0.0,-5050528.221659749,-0.0,-0.0,7600000.0,0.0,0.0,-9997.202837406403,-0.0,-0.0,1.0,0.0,0.0
12.65,514098.2238026152,7600000.0,1.0,0.0,0.0,0.0,0.0,0.0,0.0,4.94081633705005,0.0,0.0,-5049174.54916332,-0.0,-0.0,7600000.0,0.0,0.0,-10081.637328132289,-0.0,-0.0,1.0,0.0,0.0
12.7,513960.81523490895,7600000.0,1.0,0.0,0.0,0.0,0.0,0.0,0.0,4.944605080891093,0.0,0.0,-5047820.859497392,-0.0,-0.0,7600000.0,0.0,0.0,-10166.451011111094,-0.0,-0.0,1.0,0.0,0.0
12.75,513823.4066672027,7600000.0,1.0,0.0,0.0,0.0,0.0,0.0,0.0,4.94839514601211,0.0,0.0,-5046467.152662723,-0.0,-0.0,7600000.0,0.0,0.0,-10251.643988426402,-0.0,-0.0,1.0,0.0,0.0
12.8,513685.9980994965,7600000.0,1.0,0.0,0.0,0.0,0.0,0.0,0.0,4.952186533279904,0.0,0.0,-5045113.428660092,-0.0,-0.0,7600000.0,0.0,0.0,-10337.216358583111,-0.0,-0.0,1.0,0.0,0.0
12.85,513548.58953179023,7600000.0,1.0,0.0,0.0,0.0,0.0,0.0,0.0,4.955979243569177,0.0,0.0,-5043759.687490281,-0.0,-0.0,7600000.0,0.0,0.0,-10423.16821649898,-0.0,-0.0,1.0,0.0,0.0
12.9,513411.180964084,7600000.0,1.0,0.0,0.0,0.0,0.0,0.0,0.0,4.959773277762532,0.0,0.0,-5042405.929154089,-0.0,-0.0,7600000.0,0.0,0.0,-10509.499653498508,-0.0,-0.0,1.0,0.0,0.0
12.95,513273.77239637775,7600000.0,1.0,0.0,0.0,0.0,0.0,0.0,0.0,4.9635686367505265,0.0,0.0,-5041052.1536523225,-0.0,-0.0,7600000.0,0.0,0.0,-10596.210757301174,-0.0,-0.0,1.0,0.0,0.0
13.0,513136.3638286715,7600000.0,1.0,0.0,0.0,0.0,0.0,0.0,0.0,4.967365321431679,0.0,0.0,-5039698.360985802,-0.0,-0.0,7600000.0,0.0,0.0,-10683.30161201536,-0.0,-0.0,1.0,0.0,0.0
13.05,512998.9552609653,7600000.0,1.0,0.0,0.0,0.0,0.0,0.0,0.0,4.971163332712509,0.0,0.0,-5038344.551155354,-0.0,-0.0,7600000.0,0.0,0.0,-10770.772298128924,-0.0,-0.0,1.0,0.0,0.0
13.1,512861.54669325904,7600000.0,1.0,0.0,0.0,0.0,0.0,0.0,0.0,4.9749626715075514,0.0,0.0,-5036990.724161823,-0.0,-0.0,7600000.0,0.0,0.0,-10858.622892502071,-0.0,-0.0,1.0,0.0,0.0
13.15,512724.1381255528,7600000.0,1.0,0.0,0.0,0.0,0.0,0.0,0.0,4.9787633387394,0.0,0.0,-5035636.880006059,-0.0,-0.0,7600000.0,0.0,0.0,-10946.853468357986,-0.0,-0.0,1.0,0.0,0.0
13.2,512586.72955784656,7600000.0,1.0,0.0,0.0,0.0,0.0,0.0,0.0,4.982565335338708,0.0,0.0,-5034283.018688929,-0.0,-0.0,7600000.0,0.0,0.0,-11035.464095275796,-0.0,-0.0,1.0,0.0,0.0
13.25,512449.3209901403,7600000.0,1.0,0.0,0.0,0.0,0.0,0.0,0.0,4.986368662244248,0.0,0.0,-5032929.140211306,-0.0,-0.0,7600000.0,0.0,0.0,-11124.454839181233,-0.0,-0.0,1.0,0.0,0.0
13.3,512311.9124224341,7600000.0,1.0,0.0,0.0,0.0,0.0,0.0,0.0,4.990173320402909,0.0,0.0,-5031575.244574076,-0.0,-0.0,7600000.0,0.0,0.0,-11213.825762339708,-0.0,-0.0,1.0,0.0,0.0
13.35,512174.50385472784,7600000.0,1.0,0.0,0.0,0.0,0.0,0.0,0.0,4.993979310769749,0.0,0.0,-5030221.331778135,-0.0,-0.0,7600000.0,0.0,0.0,-11303.576923345763,-0.0,-0.0,1.0,0.0,0.0
13.4,512037.0952870216,7600000.0,1.0,0.0,0.0,0.0,0.0,0.0,0.0,4.997786634307996,0.0,0.0,-5028867.401824393,-0.0,-0.0,7600000.0,0.0,0.0,-11393.708377118688,-0.0,-0.0,1.0,0.0,0.0
13.45,511899.68671931536,7600000.0,1.0,0.0,0.0,0.0,0.0,0.0,0.0,5.001595291989092,0.0,0.0,-5027513.454713771,-0.0,-0.0,7600000.0,0.0,0.0,-11484.220174892078,-0.0,-0.0,1.0,0.0,0.0
13.5,511762.2781516091,7600000.0,1.0,0.0,0.0,0.0,0.0,0.0,0.0,5.005405284792721,0.0,0.0,-5026159.490447196,-0.0,-0.0,7600000.0,0.0,0.0,-11575.112364204515,-0.0,-0.0,1.0,0.0,0.0
13.55,511624.8695839029,7600000.0,1.0,0.0,0.0,0.0,0.0,0.0,0.0,5.009216613706819,0.0,0.0,-5024805.509025613,-0.0,-0.0,7600000.0,0.0,0.0,-11666.384988896694,-0.0,-0.0,1.0,0.0,0.0
13.6,511487.46101619664,7600000.0,1.0,0.0,0.0,0.0,0.0,0.0,0.0,5.013029279727613,0.0,0.0,-5023451.510449975,-0.0,-0.0,7600000.0,0.0,0.0,-11758.03808909846,-0.0,-0.0,1.0,0.0,0.0
13.65,511350.0524484904,7600000.0,1.0,0.0,0.0,0.0,0.0,0.0,0.0,5.016843283859653,0.0,0.0,-5022097.494721246,-0.0,-0.0,7600000.0,0.0,0.0,-11850.07170122216,-0.0,-0.0,1.0,0.0,0.0
13.7,511212.64388078416,7600000.0,1.0,0.0,0.0,0.0,0.0,0.0,0.0,5.020658627115829,0.0,0.0,-5020743.4618404005,-0.0,-0.0,7600000.0,0.0,0.0,-11942.485857954767,-0.0,-0.0,1.0,0.0,0.0
13.75,511075.2353130779,7600000.0,1.0,0.0,0.0,0.0,0.0,0.0,0.0,5.024475310517395,0.0,0.0,-5019389.411808426,-0.0,-0.0,7600000.0,0.0,0.0,-12035.28058825271,-0.0,-0.0,1.0,0.0,0.0
13.8,510937.8267453717,7600000.0,1.0,0.0,0.0,0.0,0.0,0.0,0.0,5.028293335094001,0.0,0.0,-5018035.3446263205,-0.0,-0.0,7600000.0,0.0,0.0,-12128.455917331483,-0.0,-0.0,1.0,0.0,0.0
13.85,510800.41817766544,7600000.0,1.0,0.0,0.0,0.0,0.0,0.0,0.0,5.032112701883716,0.0,0.0,-5016681.260295096,-0.0,-0.0,7600000.0,0.0,0.0,-12222.011866657926,-0.0,-0.0,1.0,0.0,0.0
13.9,510663.0096099592,7600000.0,1.0,0.0,0.0,0.0,0.0,0.0,0.0,5.035933411933069,0.0,0.0,-5015327.158815769,-0.0,-0.0,7600000.0,0.0,0.0,-12315.948453942481,-0.0,-0.0,1.0,0.0,0.0
13.95,510525.60104225297,7600000.0,1.0,0.0,0.0,0.0,0.0,0.0,0.0,5.039755466297041,0.0,0.0,-5013973.040189375,-0.0,-0.0,7600000.0,0.0,0.0,-12410.26569313424,-0.0,-0.0,1.0,0.0,0.0
14.0,510388.1924745467,7600000.0,1.0,0.0,0.0,0.0,0.0,0.0,0.0,5.043578866039143,0.0,0.0,-5012618.904416954,-0.0,-0.0,7600000.0,0.0,0.0,-12504.963594407911,-0.0,-0.0,1.0,0.0,0.0
14.05,510250.7839068405,7600000.0,1.0,0.0,0.0,0.0,0.0,0.0,0.0,5.0474036122313874,0.0,0.0,-5011264.7514995625,-0.0,-0.0,7600000.0,0.0,0.0,-12600.042164161629,-0.0,-0.0,1.0,0.0,0.0
14.1,510113.37533913425,7600000.0,1.0,0.0,0.0,0.0,0.0,0.0,0.0,5.051229705954354,0.0,0.0,-5009910.581438265,-0.0,-0.0,7600000.0,0.0,0.0,-12695.501405006718,-0.0,-0.0,1.0,0.0,0.0
14.15,509975.966771428,7600000.0,1.0,0.0,0.0,0.0,0.0,0.0,0.0,5.055057148297191,0.0,0.0,-5008556.3942341395,-0.0,-0.0,7600000.0,0.0,0.0,-12791.341315761543,-0.0,-0.0,1.0,0.0,0.0
14.2,509838.55820372177,7600000.0,1.0,0.0,0.0,0.0,0.0,0.0,0.0,5.05888594035767,0.0,0.0,-5007202.1898882715,-0.0,-0.0,7600000.0,0.0,0.0,-12887.561891441243,-0.0,-0.0,1.0,0.0,0.0
14.25,509701.1496360155,7600000.0,1.0,0.0,0.0,0.0,0.0,0.0,0.0,5.062716083242177,0.0,0.0,-5005847.968401762,-0.0,-0.0,7600000.0,0.0,0.0,-12984.163123253098,-0.0,-0.0,1.0,0.0,0.0
14.3,509563.7410683093,7600000.0,1.0,0.0,0.0,0.0,0.0,0.0,0.0,5.066547578065761,0.0,0.0,-5004493.729775722,-0.0,-0.0,7600000.0,0.0,0.0,-13081.144998589107,-0.0,-0.0,1.0,0.0,0.0
14.35,509426.33250060305,7600000.0,1.0,0.0,0.0,0.0,0.0,0.0,0.0,5.0703804259521625,0.0,0.0,-5003139.474011271,-0.0,-0.0,7600000.0,0.0,0.0,-13178.507501017264,-0.0,-0.0,1.0,0.0,0.0
14.4,509288.9239328968,7600000.0,1.0,0.0,0.0,0.0,0.0,0.0,0.0,5.074214628033815,0.0,0.0,-5001785.201109546,-0.0,-0.0,7600000.0,0.0,0.0,-13276.250610275663,-0.0,-0.0,1.0,0.0,0.0
14.45,509151.5153651906,7600000.0,1.0,0.0,0.0,0.0,0.0,0.0,0.0,5.078050185451907,0.0,0.0,-5000430.91107169,-0.0,-0.0,7600000.0,0.0,0.0,-13374.374302260841,-0.0,-0.0,1.0,0.0,0.0
14.5,509014.10679748433,7600000.0,1.0,0.0,0.0,0.0,0.0,0.0,0.0,5.081887099356384,0.0,0.0,-4999076.603898857,-0.0,-0.0,7600000.0,0.0,0.0,-13472.878549027784,-0.0,-0.0,1.0,0.0,0.0
14.55,508876.6982297781,7600000.0,1.0,0.0,0.0,0.0,0.0,0.0,0.0,5.085725370905975,0.0,0.0,-4997722.279592213,-0.0,-0.0,7600000.0,0.0,0.0,-13571.763318776953,-0.0,-0.0,1.0,0.0,0.0
14.6,508739.28966207185,7600000.0,1.0,0.0,0.0,0.0,0.0,0.0,0.0,5.089565001268223,0.0,0.0,-4996367.93815294,-0.0,-0.0,7600000.0,0.0,0.0,-13671.028575850003,-0.0,-0.0,1.0,0.0,0.0
14.65,508601.8810943656,7600000.0,1.0,0.0,0.0,0.0,0.0,0.0,0.0,5.093405991619518,0.0,0.0,-4995013.579582225,-0.0,-0.0,7600000.0,0.0,0.0,-13770.674280721209,-0.0,-0.0,1.0,0.0,0.0
14.7,508464.4725266594,7600000.0,1.0,0.0,0.0,0.0,0.0,0.0,0.0,5.0972483431451066,0.0,0.0,-4993659.203881268,-0.0,-0.0,7600000.0,0.0,0.0,-13870.700389991867,-0.0,-0.0,1.0,0.0,0.0
14.75,508327.06395895313,7600000.0,1.0,0.0,0.0,0.0,0.0,0.0,0.0,5.101092057039136,0.0,0.0,-4992304.811051284,-0.0,-0.0,7600000.0,0.0,0.0,-13971.10685638024,-0.0,-0.0,1.0,0.0,0.0
14.8,508189.6553912469,7600000.0,1.0,0.0,0.0,0.0,0.0,0.0,0.0,5.104937134504667,0.0,0.0,-4990950.401093494,-0.0,-0.0,7600000.0,0.0,0.0,-14071.893628717566,-0.0,-0.0,1.0,0.0,0.0
14.85,508052.24682354066,7600000.0,1.0,0.0,0.0,0.0,0.0,0.0,0.0,5.108783576753702,0.0,0.0,-4989595.974009133,-0.0,-0.0,7600000.0,0.0,0.0,-14173.060651941118,-0.0,-0.0,1.0,0.0,0.0
14.9,507914.8382558344,7600000.0,1.0,0.0,0.0,0.0,0.0,0.0,0.0,5.112631385007224,0.0,0.0,-4988241.5297994455,-0.0,-0.0,7600000.0,0.0,0.0,-14274.607867084196,-0.0,-0.0,1.0,0.0,0.0
14.95,507777.4296881282,7600000.0,1.0,0.0,0.0,0.0,0.0,0.0,0.0,5.1164805604951855,0.0,0.0,-4986887.068465693,-0.0,-0.0,7600000.0,0.0,0.0,-14376.535211273911,-0.0,-0.0,1.0,0.0,0.0
15.0,507640.02112042194,7600000.0,1.0,0.0,0.0,0.0,0.0,0.0,0.0,5.12033110445659,0.0,0.0,-4985532.590009138,-0.0,-0.0,7600000.0,0.0,0.0,-14478.842617719674,-0.0,-0.0,1.0,0.0,0.0
15.05,507502.6125527157,7600000.0,1.0,0.0,0.0,0.0,0.0,0.0,0.0,5.124183018139464,0.0,0.0,-4984178.094431066,-0.0,-0.0,7600000.0,0.0,0.0,-14581.5300157095,-0.0,-0.0,1.0,0.0,0.0
15.1,507365.20398500946,7600000.0,1.0,0.0,0.0,0.0,0.0,0.0,0.0,5.128036302800917,0.0,0.0,-4982823.581732764,-0.0,-0.0,7600000.0,0.0,0.0,-14684.597330601724,-0.0,-0.0,1.0,0.0,0.0
15.15,507227.7954173032,7600000.0,1.0,0.0,0.0,0.0,0.0,0.0,0.0,5.131890959707152,0.0,0.0,-4981469.051915537,-0.0,-0.0,7600000.0,0.0,0.0,-14788.044483818228,-0.0,-0.0,1.0,0.0,0.0
15.2,507090.386849597,7600000.0,1.0,0.0,0.0,0.0,0.0,0.0,0.0,5.1357469901334944,0.0,0.0,-4980114.504980697,-0.0,-0.0,7600000.0,0.0,0.0,-14891.871392839405,-0.0,-0.0,1.0,0.0,0.0
15.25,506952.97828189074,7600000.0,1.0,0.0,0.0,0.0,0.0,0.0,0.0,5.139604395364419,0.0,0.0,-4978759.94092957,-0.0,-0.0,7600000.0,0.0,0.0,-14996.077971197568,-0.0,-0.0,1.0,0.0,0.0
15.3,506815.5697141845,7600000.0,1.0,0.0,0.0,0.0,0.0,0.0,0.0,5.143463176693573,0.0,0.0,-4977405.359763493,-0.0,-0.0,7600000.0,0.0,0.0,-15100.664128465434,-0.0,-0.0,1.0,0.0,0.0
15.35,506678.16114647826,7600000.0,1.0,0.0,0.0,0.0,0.0,0.0,0.0,5.147323335423805,0.0,0.0,-4976050.761483812,-0.0,-0.0,7600000.0,0.0,0.0,-15205.629770256111,-0.0,-0.0,1.0,0.0,0.0
15.4,506540.752578772,7600000.0,1.0,0.0,0.0,0.0,0.0,0.0,0.0,5.151184872867185,0.0,0.0,-4974696.146091886,-0.0,-0.0,7600000.0,0.0,0.0,-15310.974798213365,-0.0,-0.0,1.0,0.0,0.0
15.45,506403.3440110658,7600000.0,1.0,0.0,0.0,0.0,0.0,0.0,0.0,5.15504779034503,0.0,0.0,-4973341.513589086,-0.0,-0.0,7600000.0,0.0,0.0,-15416.699110006784,-0.0,-0.0,1.0,0.0,0.0
15.5,506265.93544335954,7600000.0,1.0,0.0,0.0,0.0,0.0,0.0,0.0,5.1589120891879325,0.0,0.0,-4971986.863976795,-0.0,-0.0,7600000.0,0.0,0.0,-15522.80259932206,-0.0,-0.0,1.0,0.0,0.0
15.55,506128.5268756533,7600000.0,1.0,0.0,0.0,0.0,0.0,0.0,0.0,5.162777770735795,0.0,0.0,-4970632.197256404,-0.0,-0.0,7600000.0,0.0,0.0,-15629.285155856207,-0.0,-0.0,1.0,0.0,0.0
15.6,505991.11830794706,7600000.0,1.0,0.0,0.0,0.0,0.0,0.0,0.0,5.1666448363378334,0.0,0.0,-4969277.513429317,-0.0,-0.0,7600000.0,0.0,0.0,-15736.146665314714,-0.0,-0.0,1.0,0.0,0.0
15.65,505853.7097402408,7600000.0,1.0,0.0,0.0,0.0,0.0,0.0,0.0,5.170513287352611,0.0,0.0,-4967922.812496951,-0.0,-0.0,7600000.0,0.0,0.0,-15843.387009401837,-0.0,-0.0,1.0,0.0,0.0
15.7,505716.3011725346,7600000.0,1.0,0.0,0.0,0.0,0.0,0.0,0.0,5.174383125148075,0.0,0.0,-4966568.094460733,-0.0,-0.0,7600000.0,0.0,0.0,-15951.006065812642,-0.0,-0.0,1.0,0.0,0.0
15.75,505578.89260482835,7600000.0,1.0,0.0,0.0,0.0,0.0,0.0,0.0,5.178254351101569,0.0,0.0,-4965213.359322101,-0.0,-0.0,7600000.0,0.0,0.0,-16059.003708230242,-0.0,-0.0,1.0,0.0,0.0
15.8,505441.4840371221,7600000.0,1.0,0.0,0.0,0.0,0.0,0.0,0.0,5.182126966599865,0.0,0.0,-4963858.607082504,-0.0,-0.0,7600000.0,0.0,0.0,-16167.379806317898,-0.0,-0.0,1.0,0.0,0.0
15.85,505304.07546941587,7600000.0,1.0,0.0,0.0,0.0,0.0,0.0,0.0,5.186000973039182,0.0,0.0,-4962503.837743402,-0.0,-0.0,7600000.0,0.0,0.0,-16276.134225714703,-0.0,-0.0,1.0,0.0,0.0
15.9,505166.6669017096,7600000.0,1.0,0.0,0.0,0.0,0.0,0.0,0.0,5.189876371825204,0.0,0.0,-4961149.051306271,-0.0,-0.0,7600000.0,0.0,0.0,-16385.266828027765,-0.0,-0.0,1.0,0.0,0.0
15.95,505029.2583340034,7600000.0,1.0,0.0,0.0,0.0,0.0,0.0,0.0,5.193753164373138,0.0,0.0,-4959794.24777259,-0.0,-0.0,7600000.0,0.0,0.0,-16494.777470824378,-0.0,-0.0,1.0,0.0,0.0
16.0,504891.84976629715,7600000.0,1.0,0.0,0.0,0.0,0.0,0.0,0.0,5.197631352107692,0.0,0.0,-4958439.427143858,-0.0,-0.0,7600000.0,0.0,0.0,-16604.6660076314,-0.0,-0.0,1.0,0.0,0.0
16.05,504754.4411985909,7600000.0,1.0,0.0,0.0,0.0,0.0,0.0,0.0,5.201510936463131,0.0,0.0,-4957084.58942158,-0.0,-0.0,7600000.0,0.0,0.0,-16714.932287925825,-0.0,-0.0,1.0,0.0,0.0
16.1,504617.03263088467,7600000.0,1.0,0.0,0.0,0.0,0.0,0.0,0.0,5.205391918883301,0.0,0.0,-4955729.734607272,-0.0,-0.0,7600000.0,0.0,0.0,-16825.576157127,-0.0,-0.0,1.0,0.0,0.0
16.15,504479.62406317843,7600000.0,1.0,0.0,0.0,0.0,0.0,0.0,0.0,5.209274300821631,0.0,0.0,-4954374.862702466,-0.0,-0.0,7600000.0,0.0,0.0,-16936.59745659632,-0.0,-0.0,1.0,0.0,0.0
16.2,504342.2154954722,7600000.0,1.0,0.0,0.0,0.0,0.0,0.0,0.0,5.213158083741186,0.0,0.0,-4953019.9737087,-0.0,-0.0,7600000.0,0.0,0.0,-17047.996023625896,-0.0,-0.0,1.0,0.0,0.0
16.25,504204.80692776595,7600000.0,1.0,0.0,0.0,0.0,0.0,0.0,0.0,5.21704326911468,0.0,0.0,-4951665.067627527,-0.0,-0.0,7600000.0,0.0,0.0,-17159.77169143468,-0.0,-0.0,1.0,0.0,0.0
16.3,504067.3983600597,7600000.0,1.0,0.0,0.0,0.0,0.0,0.0,0.0,5.220929858424483,0.0,0.0,-4950310.14446051,-0.0,-0.0,7600000.0,0.0,0.0,-17271.924289164603,-0.0,-0.0,1.0,0.0,0.0
16.35,503929.9897923535,7600000.0,1.0,0.0,0.0,0.0,0.0,0.0,0.0,5.224817853162677,0.0,0.0,-4948955.204209223,-0.0,-0.0,7600000.0,0.0,0.0,-17384.453641873093,-0.0,-0.0,1.0,0.0,0.0
16.4,503792.58122464723,7600000.0,1.0,0.0,0.0,0.0,0.0,0.0,0.0,5.228707254831053,0.0,0.0,-4947600.2468752535,-0.0,-0.0,7600000.0,0.0,0.0,-17497.359570529366,-0.0,-0.0,1.0,0.0,0.0
16.45,503655.172656941,7600000.0,1.0,0.0,0.0,0.0,0.0,0.0,0.0,5.2325980649411585,0.0,0.0,-4946245.272460196,-0.0,-0.0,7600000.0,0.0,0.0,-17610.64189200315,-0.0,-0.0,1.0,0.0,0.0
16.5,503517.76408923476,7600000.0,1.0,0.0,0.0,0.0,0.0,0.0,0.0,5.236490285014298,0.0,0.0,-4944890.280965661,-0.0,-0.0,7600000.0,0.0,0.0,-17724.300419068724,-0.0,-0.0,1.0,0.0,0.0
16.55,503380.3555215285,7600000.0,1.0,0.0,0.0,0.0,0.0,0.0,0.0,5.240383916581575,0.0,0.0,-4943535.2723932685,-0.0,-0.0,7600000.0,0.0,0.0,-17838.33496038989,-0.0,-0.0,1.0,0.0,0.0
16.6,503242.9469538223,7600000.0,1.0,0.0,0.0,0.0,0.0,0.0,0.0,5.244278961183911,0.0,0.0,-4942180.246744649,-0.0,-0.0,7600000.0,0.0,0.0,-17952.745320522263,-0.0,-0.0,1.0,0.0,0.0
16.65,503105.53838611604,7600000.0,1.0,0.0,0.0,0.0,0.0,0.0,0.0,5.24817542037206,0.0,0.0,-4940825.204021447,-0.0,-0.0,7600000.0,0.0,0.0,-18067.531299902104,-0.0,-0.0,1.0,0.0,0.0
16.7,502968.1298184098,7600000.0,1.0,0.0,0.0,0.0,0.0,0.0,0.0,5.252073295706664,0.0,0.0,-4939470.144225313,-0.0,-0.0,7600000.0,0.0,0.0,-18182.692694842925,-0.0,-0.0,1.0,0.0,0.0
16.75,502830.72125070356,7600000.0,1.0,0.0,0.0,0.0,0.0,0.0,0.0,5.255972588758227,0.0,0.0,-4938115.067357916,-0.0,-0.0,7600000.0,0.0,0.0,-18298.229297532183,-0.0,-0.0,1.0,0.0,0.0
16.8,502693.3126829973,7600000.0,1.0,0.0,0.0,0.0,0.0,0.0,0.0,5.259873301107185,0.0,0.0,-4936759.973420931,-0.0,-0.0,7600000.0,0.0,0.0,-18414.140896024128,-0.0,-0.0,1.0,0.0,0.0
16.85,502555.9041152911,7600000.0,1.0,0.0,0.0,0.0,0.0,0.0,0.0,5.263775434343899,0.0,0.0,-4935404.862416048,-0.0,-0.0,7600000.0,0.0,0.0,-18530.42727423462,-0.0,-0.0,1.0,0.0,0.0
16.9,502418.49554758484,7600000.0,1.0,0.0,0.0,0.0,0.0,0.0,0.0,5.267678990068699,0.0,0.0,-4934049.734344964,-0.0,-0.0,7600000.0,0.0,0.0,-18647.08821193799,-0.0,-0.0,1.0,0.0,0.0
16.95,502281.0869798786,7600000.0,1.0,0.0,0.0,0.0,0.0,0.0,0.0,5.27158396989189,0.0,0.0,-4932694.589209394,-0.0,-0.0,7600000.0,0.0,0.0,-18764.123484757984,-0.0,-0.0,1.0,0.0,0.0
17.0,502143.67841217236,7600000.0,1.0,0.0,0.0,0.0,0.0,0.0,0.0,5.275490375433805,0.0,0.0,-4931339.427011056,-0.0,-0.0,7600000.0,0.0,0.0,-18881.53286416468,-0.0,-0.0,1.0,0.0,0.0
17.05,502006.2698444661,7600000.0,1.0,0.0,0.0,0.0,0.0,0.0,0.0,5.279398208324785,0.0,0.0,-4929984.247751687,-0.0,-0.0,7600000.0,0.0,0.0,-18999.316117473674,-0.0,-0.0,1.0,0.0,0.0
17.1,501868.8612767599,7600000.0,1.0,0.0,0.0,0.0,0.0,0.0,0.0,5.283307470205246,0.0,0.0,-4928629.051433029,-0.0,-0.0,7600000.0,0.0,0.0,-19117.473007832905,-0.0,-0.0,1.0,0.0,0.0
17.15,501731.45270905364,7600000.0,1.0,0.0,0.0,0.0,0.0,0.0,0.0,5.287218162725671,0.0,0.0,-4927273.838056841,-0.0,-0.0,7600000.0,0.0,0.0,-19236.00329422397,-0.0,-0.0,1.0,0.0,0.0
17.2,501594.0441413474,7600000.0,1.0,0.0,0.0,0.0,0.0,0.0,0.0,5.2911302875466495,0.0,0.0,-4925918.607624889,-0.0,-0.0,7600000.0,0.0,0.0,-19354.906731457322,-0.0,-0.0,1.0,0.0,0.0
17.25,501456.63557364116,7600000.0,1.0,0.0,0.0,0.0,0.0,0.0,0.0,5.295043846338888,0.0,0.0,-4924563.360138956,-0.0,-0.0,7600000.0,0.0,0.0,-19474.18307016546,-0.0,-0.0,1.0,0.0,0.0
17.3,501319.2270059349,7600000.0,1.0,0.0,0.0,0.0,0.0,0.0,0.0,5.298958840783263,0.0,0.0,-4923208.095600829,-0.0,-0.0,7600000.0,0.0,0.0,-19593.83205679387,-0.0,-0.0,1.0,0.0,0.0
17.35,501181.8184382287,7600000.0,1.0,0.0,0.0,0.0,0.0,0.0,0.0,5.302875272570801,0.0,0.0,-4921852.814012312,-0.0,-0.0,7600000.0,0.0,0.0,-19713.853433606997,-0.0,-0.0,1.0,0.0,0.0
17.4,501044.40987052245,7600000.0,1.0,0.0,0.0,0.0,0.0,0.0,0.0,5.306793143402733,0.0,0.0,-4920497.515375219,-0.0,-0.0,7600000.0,0.0,0.0,-19834.246938675173,-0.0,-0.0,1.0,0.0,0.0
17.45,500907.0013028162,7600000.0,1.0,0.0,0.0,0.0,0.0,0.0,0.0,5.310712454990518,0.0,0.0,-4919142.199691373,-0.0,-0.0,7600000.0,0.0,0.0,-19955.012305869895,-0.0,-0.0,1.0,0.0,0.0
17.5,500769.59273510997,7600000.0,1.0,0.0,0.0,0.0,0.0,0.0,0.0,5.314633209055835,0.0,0.0,-4917786.866962613,-0.0,-0.0,7600000.0,0.0,0.0,-20076.149264865893,-0.0,-0.0,1.0,0.0,0.0
17.55,500632.1841674037,7600000.0,1.0,0.0,0.0,0.0,0.0,0.0,0.0,5.318555407330652,0.0,0.0,-4916431.517190782,-0.0,-0.0,7600000.0,0.0,0.0,-20197.65754113009,-0.0,-0.0,1.0,0.0,0.0
17.6,500494.7755996975,7600000.0,1.0,0.0,0.0,0.0,0.0,0.0,0.0,5.3224790515572025,0.0,0.0,-4915076.150377745,-0.0,-0.0,7600000.0,0.0,0.0,-20319.536855921608,-0.0,-0.0,1.0,0.0,0.0
17.65,500357.36703199125,7600000.0,1.0,0.0,0.0,0.0,0.0,0.0,0.0,5.3264041434880465,0.0,0.0,-4913720.766525368,-0.0,-0.0,7600000.0,0.0,0.0,-20441.786926282937,-0.0,-0.0,1.0,0.0,0.0
17.7,500219.958464285,7600000.0,1.0,0.0,0.0,0.0,0.0,0.0,0.0,5.330330684886067,0.0,0.0,-4912365.365635537,-0.0,-0.0,7600000.0,0.0,0.0,-20564.407465040073,-0.0,-0.0,1.0,0.0,0.0
17.75,500082.54989657877,7600000.0,1.0,0.0,0.0,0.0,0.0,0.0,0.0,5.334258677524517,0.0,0.0,-4911009.947710141,-0.0,-0.0,7600000.0,0.0,0.0,-20687.39818079377,-0.0,-0.0,1.0,0.0,0.0
17.8,499945.14132887253,7600000.0,1.0,0.0,0.0,0.0,0.0,0.0,0.0,5.338188123187005,0.0,0.0,-4909654.5127510885,-0.0,-0.0,7600000.0,0.0,0.0,-20810.758777922092,-0.0,-0.0,1.0,0.0,0.0
17.85,499807.7327611663,7600000.0,1.0,0.0,0.0,0.0,0.0,0.0,0.0,5.342119023667565,0.0,0.0,-4908299.060760293,-0.0,-0.0,7600000.0,0.0,0.0,-20934.48895656724,-0.0,-0.0,1.0,0.0,0.0
17.9,499670.32419346005,7600000.0,1.0,0.0,0.0,0.0,0.0,0.0,0.0,5.3460513807706445,0.0,0.0,-4906943.591739683,-0.0,-0.0,7600000.0,0.0,0.0,-21058.58841263813,-0.0,-0.0,1.0,0.0,0.0
17.95,499532.9156257538,7600000.0,1.0,0.0,0.0,0.0,0.0,0.0,0.0,5.349985196311134,0.0,0.0,-4905588.105691197,-0.0,-0.0,7600000.0,0.0,0.0,-21183.05683780653,-0.0,-0.0,1.0,0.0,0.0
18.0,499395.5070580476,7600000.0,1.0,0.0,0.0,0.0,0.0,0.0,0.0,5.353920472114391,0.0,0.0,-4904232.602616788,-0.0,-0.0,7600000.0,0.0,0.0,-21307.89391949832,-0.0,-0.0,1.0,0.0,0.0
18.05,499258.09849034133,7600000.0,1.0,0.0,0.0,0.0,0.0,0.0,0.0,5.357857210016275,0.0,0.0,-4902877.082518415,-0.0,-0.0,7600000.0,0.0,0.0,-21433.099340891913,-0.0,-0.0,1.0,0.0,0.0
18.1,499120.6899226351,7600000.0,1.0,0.0,0.0,0.0,0.0,0.0,0.0,5.361795411863156,0.0,0.0,-4901521.54539805,-0.0,-0.0,7600000.0,0.0,0.0,-21558.67278091429,-0.0,-0.0,1.0,0.0,0.0
18.15,498983.28135492885,7600000.0,1.0,0.0,0.0,0.0,0.0,0.0,0.0,5.365735079511923,0.0,0.0,-4900165.9912576815,-0.0,-0.0,7600000.0,0.0,0.0,-21684.613914241945,-0.0,-0.0,1.0,0.0,0.0
18.2,498845.8727872226,7600000.0,1.0,0.0,0.0,0.0,0.0,0.0,0.0,5.369676214830046,0.0,0.0,-4898810.420099304,-0.0,-0.0,7600000.0,0.0,0.0,-21810.92241128524,-0.0,-0.0,1.0,0.0,0.0
18.25,498708.4642195164,7600000.0,1.0,0.0,0.0,0.0,0.0,0.0,0.0,5.373618819695567,0.0,0.0,-4897454.831924924,-0.0,-0.0,7600000.0,0.0,0.0,-21937.59793819649,-0.0,-0.0,1.0,0.0,0.0
18.3,498571.05565181014,7600000.0,1.0,0.0,0.0,0.0,0.0,0.0,0.0,5.377562895997118,0.0,0.0,-4896099.226736561,-0.0,-0.0,7600000.0,0.0,0.0,-22064.640156861584,-0.0,-0.0,1.0,0.0,0.0
18.35,498433.6470841039,7600000.0,1.0,0.0,0.0,0.0,0.0,0.0,0.0,5.3815084456339655,0.0,0.0,-4894743.604536246,-0.0,-0.0,7600000.0,0.0,0.0,-22192.048724896344,-0.0,-0.0,1.0,0.0,0.0
18.4,498296.23851639766,7600000.0,1.0,0.0,0.0,0.0,0.0,0.0,0.0,5.385455470516021,0.0,0.0,-4893387.9653260205,-0.0,-0.0,7600000.0,0.0,0.0,-22319.823295640505,-0.0,-0.0,1.0,0.0,0.0
18.45,498158.8299486914,7600000.0,1.0,0.0,0.0,0.0,0.0,0.0,0.0,5.389403972563864,0.0,0.0,-4892032.309107937,-0.0,-0.0,7600000.0,0.0,0.0,-22447.963518159027,-0.0,-0.0,1.0,0.0,0.0
18.5,498021.4213809852,7600000.0,1.0,0.0,0.0,0.0,0.0,0.0,0.0,5.393353953708755,0.0,0.0,-4890676.635884061,-0.0,-0.0,7600000.0,0.0,0.0,-22576.469037236224,-0.0,-0.0,1.0,0.0,0.0
18.55,497884.01281327894,7600000.0,1.0,0.0,0.0,0.0,0.0,0.0,0.0,5.397305415892675,0.0,0.0,-4889320.945656468,-0.0,-0.0,7600000.0,0.0,0.0,-22705.33949337235,-0.0,-0.0,1.0,0.0,0.0
18.6,497746.6042455727,7600000.0,1.0,0.0,0.0,0.0,0.0,0.0,0.0,5.401258361068337,0.0,0.0,-4887965.238427244,-0.0,-0.0,7600000.0,0.0,0.0,-22834.57452277774,-0.0,-0.0,1.0,0.0,0.0
18.65,497609.19567786646,7600000.0,1.0,0.0,0.0,0.0,0.0,0.0,0.0,5.405212791199194,0.0,0.0,-4886609.51419849,-0.0,-0.0,7600000.0,0.0,0.0,-22964.17375737698,-0.0,-0.0,1.0,0.0,0.0
18.7,497471.7871101602,7600000.0,1.0,0.0,0.0,0.0,0.0,0.0,0.0,5.409168708259489,0.0,0.0,-4885253.7729723165,-0.0,-0.0,7600000.0,0.0,0.0,-23094.136824795667,-0.0,-0.0,1.0,0.0,0.0
18.75,497334.378542454,7600000.0,1.0,0.0,0.0,0.0,0.0,0.0,0.0,5.413126114234255,0.0,0.0,-4883898.014750843,-0.0,-0.0,7600000.0,0.0,0.0,-23224.463348364727,-0.0,-0.0,1.0,0.0,0.0
18.8,497196.96997474774,7600000.0,1.0,0.0,0.0,0.0,0.0,0.0,0.0,5.41708501111934,0.0,0.0,-4882542.239536203,-0.0,-0.0,7600000.0,0.0,0.0,-23355.152947117294,-0.0,-0.0,1.0,0.0,0.0
18.85,497059.5614070415,7600000.0,1.0,0.0,0.0,0.0,0.0,0.0,0.0,5.421045400921433,0.0,0.0,-4881186.447330544,-0.0,-0.0,7600000.0,0.0,0.0,-23486.205235778056,-0.0,-0.0,1.0,0.0,0.0
18.9,496922.15283933526,7600000.0,1.0,0.0,0.0,0.0,0.0,0.0,0.0,5.425007285658089,0.0,0.0,-4879830.638136018,-0.0,-0.0,7600000.0,0.0,0.0,-23617.61982476779,-0.0,-0.0,1.0,0.0,0.0
18.95,496784.744271629,7600000.0,1.0,0.0,0.0,0.0,0.0,0.0,0.0,5.428970667357734,0.0,0.0,-4878474.811954794,-0.0,-0.0,7600000.0,0.0,0.0,-23749.39632019787,-0.0,-0.0,1.0,0.0,0.0
19.0,496647.3357039228,7600000.0,1.0,0.0,0.0,0.0,0.0,0.0,0.0,5.432935548059698,0.0,0.0,-4877118.968789053,-0.0,-0.0,7600000.0,0.0,0.0,-23881.53432386735,-0.0,-0.0,1.0,0.0,0.0
19.05,496509.92713621655,7600000.0,1.0,0.0,0.0,0.0,0.0,0.0,0.0,5.436901929814246,0.0,0.0,-4875763.108640981,-0.0,-0.0,7600000.0,0.0,0.0,-24014.03343325751,-0.0,-0.0,1.0,0.0,0.0
19.1,496372.5185685103,7600000.0,1.0,0.0,0.0,0.0,0.0,0.0,0.0,5.440869814682564,0.0,0.0,-4874407.231512783,-0.0,-0.0,7600000.0,0.0,0.0,-24146.893241536844,-0.0,-0.0,1.0,0.0,0.0
19.15,496235.11000080407,7600000.0,1.0,0.0,0.0,0.0,0.0,0.0,0.0,5.444839204736822,0.0,0.0,-4873051.337406671,-0.0,-0.0,7600000.0,0.0,0.0,-24280.11333754791,-0.0,-0.0,1.0,0.0,0.0
19.2,496097.7014330978,7600000.0,1.0,0.0,0.0,0.0,0.0,0.0,0.0,5.4488101020601665,0.0,0.0,-4871695.426324869,-0.0,-0.0,7600000.0,0.0,0.0,-24413.69330581243,-0.0,-0.0,1.0,0.0,0.0
19.25,495960.2928653916,7600000.0,1.0,0.0,0.0,0.0,0.0,0.0,0.0,5.452782508746744,0.0,0.0,-4870339.498269614,-0.0,-0.0,7600000.0,0.0,0.0,-24547.632726526095,-0.0,-0.0,1.0,0.0,0.0
19.3,495822.88429768535,7600000.0,1.0,0.0,0.0,0.0,0.0,0.0,0.0,5.456756426901738,0.0,0.0,-4868983.553243153,-0.0,-0.0,7600000.0,0.0,0.0,-24681.931175553287,-0.0,-0.0,1.0,0.0,0.0
19.35,495685.4757299791,7600000.0,1.0,0.0,0.0,0.0,0.0,0.0,0.0,5.460731858641378,0.0,0.0,-4867627.591247742,-0.0,-0.0,7600000.0,0.0,0.0,-24816.5882244299,-0.0,-0.0,1.0,0.0,0.0
19.4,495548.06716227287,7600000.0,1.0,0.0,0.0,0.0,0.0,0.0,0.0,5.464708806092937,0.0,0.0,-4866271.612285658,-0.0,-0.0,7600000.0,0.0,0.0,-24951.603440358234,-0.0,-0.0,1.0,0.0,0.0
19.45,495410.65859456663,7600000.0,1.0,0.0,0.0,0.0,0.0,0.0,0.0,5.46868727139481,0.0,0.0,-4864915.616359176,-0.0,-0.0,7600000.0,0.0,0.0,-25086.97638620184,-0.0,-0.0,1.0,0.0,0.0
19.5,495273.2500268604,7600000.0,1.0,0.0,0.0,0.0,0.0,0.0,0.0,5.472667256696478,0.0,0.0,-4863559.603470592,-0.0,-0.0,7600000.0,0.0,0.0,-25222.70662048587,-0.0,-0.0,1.0,0.0,0.0
19.55,495135.84145915415,7600000.0,1.0,0.0,0.0,0.0,0.0,0.0,0.0,5.476648764158546,0.0,0.0,-4862203.573622211,-0.0,-0.0,7600000.0,0.0,0.0,-25358.79369739757,-0.0,-0.0,1.0,0.0,0.0
19.6,494998.4328914479,7600000.0,1.0,0.0,0.0,0.0,0.0,0.0,0.0,5.4806317959527755,0.0,0.0,-4860847.526816349,-0.0,-0.0,7600000.0,0.0,0.0,-25495.237166778537,-0.0,-0.0,1.0,0.0,0.0
19.65,494861.0243237417,7600000.0,1.0,0.0,0.0,0.0,0.0,0.0,0.0,5.484616354262097,0.0,0.0,-4859491.46305533,-0.0,-0.0,7600000.0,0.0,0.0,-25632.036574125257,-0.0,-0.0,1.0,0.0,0.0
19.7,494723.61575603543,7600000.0,1.0,0.0,0.0,0.0,0.0,0.0,0.0,5.488602441280615,0.0,0.0,-4858135.3823414985,-0.0,-0.0,7600000.0,0.0,0.0,-25769.19146058705,-0.0,-0.0,1.0,0.0,0.0
19.75,494586.2071883292,7600000.0,1.0,0.0,0.0,0.0,0.0,0.0,0.0,5.492590059213655,0.0,0.0,-4856779.2846772,-0.0,-0.0,7600000.0,0.0,0.0,-25906.701362963962,-0.0,-0.0,1.0,0.0,0.0
19.8,494448.79862062295,7600000.0,1.0,0.0,0.0,0.0,0.0,0.0,0.0,5.496579210277757,0.0,0.0,-4855423.170064798,-0.0,-0.0,7600000.0,0.0,0.0,-26044.56581370479,-0.0,-0.0,1.0,0.0,0.0
19.85,494311.3900529167,7600000.0,1.0,0.0,0.0,0.0,0.0,0.0,0.0,5.500569896700715,0.0,0.0,-4854067.038506665,-0.0,-0.0,7600000.0,0.0,0.0,-26182.78434090229,-0.0,-0.0,1.0,0.0,0.0
19.9,494173.9814852105,7600000.0,1.0,0.0,0.0,0.0,0.0,0.0,0.0,5.504562120721585,0.0,0.0,-4852710.890005185,-0.0,-0.0,7600000.0,0.0,0.0,-26321.35646829699,-0.0,-0.0,1.0,0.0,0.0
19.95,494036.57291750424,7600000.0,1.0,0.0,0.0,0.0,0.0,0.0,0.0,5.508555884590698,0.0,0.0,-4851354.724562757,-0.0,-0.0,7600000.0,0.0,0.0,-26460.281715272526,-0.0,-0.0,1.0,0.0,0.0
20.0,493899.164349798,7600000.0,1.0,0.0,0.0,0.0,0.0,0.0,0.0,5.512551190569701,0.0,0.0,-4849998.542181786,-0.0,-0.0,7600000.0,0.0,0.0,-26599.559596850962,-0.0,-0.0,1.0,0.0,0.0
20.05,493761.75578209176,7600000.0,1.0,0.0,0.0,0.0,0.0,0.0,0.0,5.516548040931566,0.0,0.0,-4848642.34286469,-0.0,-0.0,7600000.0,0.0,0.0,-26739.189623694012,-0.0,-0.0,1.0,0.0,0.0
20.1,493624.3472143855,7600000.0,1.0,0.0,0.0,0.0,0.0,0.0,0.0,5.520546437960597,0.0,0.0,-4847286.126613902,-0.0,-0.0,7600000.0,0.0,0.0,-26879.171302101335,-0.0,-0.0,1.0,0.0,0.0
20.15,493486.9386466793,7600000.0,1.0,0.0,0.0,0.0,0.0,0.0,0.0,5.524546383952465,0.0,0.0,-4845929.893431861,-0.0,-0.0,7600000.0,0.0,0.0,-27019.504134008967,-0.0,-0.0,1.0,0.0,0.0
20.2,493349.53007897304,7600000.0,1.0,0.0,0.0,0.0,0.0,0.0,0.0,5.528547881214219,0.0,0.0,-4844573.643321022,-0.0,-0.0,7600000.0,0.0,0.0,-27160.18761698781,-0.0,-0.0,1.0,0.0,0.0
20.25,493212.1215112668,7600000.0,1.0,0.0,0.0,0.0,0.0,0.0,0.0,5.532550932064311,0.0,0.0,-4843217.376283849,-0.0,-0.0,7600000.0,0.0,0.0,-27301.221244239194,-0.0,-0.0,1.0,0.0,0.0
20.3,493074.71294356056,7600000.0,1.0,0.0,0.0,0.0,0.0,0.0,0.0,5.536555538832604,0.0,0.0,-4841861.092322817,-0.0,-0.0,7600000.0,0.0,0.0,-27442.6045045994,-0.0,-0.0,1.0,0.0,0.0
20.35,492937.3043758543,7600000.0,1.0,0.0,0.0,0.0,0.0,0.0,0.0,5.5405617038604005,0.0,0.0,-4840504.791440416,-0.0,-0.0,7600000.0,0.0,0.0,-27584.336882532338,-0.0,-0.0,1.0,0.0,0.0
20.4,492799.8958081481,7600000.0,1.0,0.0,0.0,0.0,0.0,0.0,0.0,5.544569429500464,0.0,0.0,-4839148.473639142,-0.0,-0.0,7600000.0,0.0,0.0,-27726.41785813126,-0.0,-0.0,1.0,0.0,0.0
20.45,492662.48724044184,7600000.0,1.0,0.0,0.0,0.0,0.0,0.0,0.0,5.548578718117029,0.0,0.0,-4837792.138921506,-0.0,-0.0,7600000.0,0.0,0.0,-27868.84690711445,-0.0,-0.0,1.0,0.0,0.0
20.5,492525.0786727356,7600000.0,1.0,0.0,0.0,0.0,0.0,0.0,0.0,5.552589572085814,0.0,0.0,-4836435.787290029,-0.0,-0.0,7600000.0,0.0,0.0,-28011.623500833222,-0.0,-0.0,1.0,0.0,0.0
20.55,492387.67010502936,7600000.0,1.0,0.0,0.0,0.0,0.0,0.0,0.0,5.55660199379405,0.0,0.0,-4835079.418747247,-0.0,-0.0,7600000.0,0.0,0.0,-28154.747106258666,-0.0,-0.0,1.0,0.0,0.0
