time,phase,lat,lon,alt,vel_x,vel_y,vel_z,vel_mag,pos_x,pos_y,pos_z,thrust,target_att_x,target_att_y,target_att_z,f_perp_x,f_perp_y,f_perp_z,rw_x,rw_y,rw_z
0.0,ASCENT,0.0,0.0,35.0100587150082,0.2011743008006861,0.0,0.0,0.2011743008006861,6371035.010058715,0.0,0.0,7600000.0,1.0,0.0,0.0,0.0,0.0,0.0,0.0,0.0,0.0
0.05,ASCENT,0.0,0.0,35.03018480911851,0.40252187624609936,0.0,0.0,0.40252187624609936,6371035.030184809,0.0,0.0,7600000.0,1.0,0.0,0.0,0.0,0.0,0.0,0.0,0.0,0.0
0.1,ASCENT,0.0,0.0,35.06038694828749,0.6040427904401031,0.0,0.0,0.6040427904401031,6371035.060386948,0.0,0.0,7600000.0,1.0,0.0,0.0,0.0,0.0,0.0,0.0,0.0,0.0
0.15,ASCENT,0.0,0.0,35.100673804059625,0.8057371074726131,0.0,0.0,0.8057371074726131,6371035.100673804,0.0,0.0,7600000.0,1.0,0.0,0.0,0.0,0.0,0.0,0.0,0.0,0.0
0.2,ASCENT,0.0,0.0,35.15105404891074,1.0076048914196711,0.0,0.0,1.0076048914196711,6371035.151054049,0.0,0.0,7600000.0,1.0,0.0,0.0,0.0,0.0,0.0,0.0,0.0,0.0
0.25,ASCENT,0.0,0.0,35.21153635904193,1.209646206343521,0.0,0.0,1.209646206343521,6371035.211536359,0.0,0.0,7600000.0,1.0,0.0,0.0,0.0,0.0,0.0,0.0,0.0,0.0
0.3,ASCENT,0.0,0.0,35.28212941531092,1.4118611162926835,0.0,0.0,1.4118611162926835,6371035.282129415,0.0,0.0,7600000.0,1.0,0.0,0.0,0.0,0.0,0.0,0.0,0.0,0.0
0.35,ASCENT,0.0,0.0,35.36284189950675,1.6142496853020354,0.0,0.0,1.6142496853020354,6371035.3628418995,0.0,0.0,7600000.0,1.0,0.0,0.0,0.0,0.0,0.0,0.0,0.0,0.0
0.4,ASCENT,0.0,0.0,35.45368249807507,1.8168119773928857,0.0,0.0,1.8168119773928857,6371035.453682498,0.0,0.0,7600000.0,1.0,0.0,0.0,0.0,0.0,0.0,0.0,0.0,0.0
0.45,ASCENT,0.0,0.0,35.554659901186824,2.019548056573057,0.0,0.0,2.019548056573057,6371035.554659901,0.0,0.0,7600000.0,1.0,0.0,0.0,0.0,0.0,0.0,0.0,0.0,0.0
0.5,ASCENT,0.0,0.0,35.665782800875604,2.2224579868369636,0.0,0.0,2.2224579868369636,6371035.665782801,0.0,0.0,7600000.0,1.0,0.0,0.0,0.0,0.0,0.0,0.0,0.0,0.0
0.55,ASCENT,0.0,0.0,35.78705989290029,2.425541832165696,0.0,0.0,2.425541832165696,6371035.787059893,0.0,0.0,7600000.0,1.0,0.0,0.0,0.0,0.0,0.0,0.0,0.0,0.0
0.6,ASCENT,0.0,0.0,35.91849987581372,2.6287996565270997,0.0,0.0,2.6287996565270997,6371035.918499876,0.0,0.0,7600000.0,1.0,0.0,0.0,0.0,0.0,0.0,0.0,0.0,0.0
0.65,ASCENT,0.0,0.0,36.060111451894045,2.8322315238758615,0.0,0.0,2.8322315238758615,6371036.060111452,0.0,0.0,7600000.0,1.0,0.0,0.0,0.0,0.0,0.0,0.0,0.0,0.0
0.7,ASCENT,0.0,0.0,36.21190332714468,3.0358374981535925,0.0,0.0,3.0358374981535925,6371036.211903327,0.0,0.0,7600000.0,1.0,0.0,0.0,0.0,0.0,0.0,0.0,0.0,0.0
0.75,ASCENT,0.0,0.0,36.37388420943171,3.2396176432889146,0.0,0.0,3.2396176432889146,6371036.373884209,0.0,0.0,7600000.0,1.0,0.0,0.0,0.0,0.0,0.0,0.0,0.0,0.0
0.8,ASCENT,0.0,0.0,36.546062810346484,3.443572023197546,0.0,0.0,3.443572023197546,6371036.54606281,0.0,0.0,7600000.0,1.0,0.0,0.0,0.0,0.0,0.0,0.0,0.0,0.0
0.85,ASCENT,0.0,0.0,36.728447845205665,3.647700701782391,0.0,0.0,3.647700701782391,6371036.728447845,0.0,0.0,7600000.0,1.0,0.0,0.0,0.0,0.0,0.0,0.0,0.0,0.0
0.9,ASCENT,0.0,0.0,36.92104803211987,3.852003742933625,0.0,0.0,3.852003742933625,6371036.921048032,0.0,0.0,7600000.0,1.0,0.0,0.0,0.0,0.0,0.0,0.0,0.0,0.0
0.95,ASCENT,0.0,0.0,37.12387209292501,4.05648121052879,0.0,0.0,4.05648121052879,6371037.123872093,0.0,0.0,7600000.0,1.0,0.0,0.0,0.0,0.0,0.0,0.0,0.0,0.0
1.0,ASCENT,0.0,0.0,37.33692875131965,4.261133168432878,0.0,0.0,4.261133168432878,6371037.336928751,0.0,0.0,7600000.0,1.0,0.0,0.0,0.0,0.0,0.0,0.0,0.0,0.0
1.05,ASCENT,0.0,0.0,37.560226735658944,4.465959680498432,0.0,0.0,4.465959680498432,6371037.560226736,0.0,0.0,7600000.0,1.0,0.0,0.0,0.0,0.0,0.0,0.0,0.0,0.0
1.1,ASCENT,0.0,0.0,37.79377477616072,4.67096081056563,0.0,0.0,4.67096081056563,6371037.793774776,0.0,0.0,7600000.0,1.0,0.0,0.0,0.0,0.0,0.0,0.0,0.0,0.0
1.15,ASCENT,0.0,0.0,38.037581607699394,4.876136622462385,0.0,0.0,4.876136622462385,6371038.037581608,0.0,0.0,7600000.0,1.0,0.0,0.0,0.0,0.0,0.0,0.0,0.0,0.0
1.2,ASCENT,0.0,0.0,38.29165596701205,5.081487180004439,0.0,0.0,5.081487180004439,6371038.291655967,0.0,0.0,7600000.0,1.0,0.0,0.0,0.0,0.0,0.0,0.0,0.0,0.0
1.25,ASCENT,0.0,0.0,38.55600659456104,5.287012546995458,0.0,0.0,5.287012546995458,6371038.556006595,0.0,0.0,7600000.0,1.0,0.0,0.0,0.0,0.0,0.0,0.0,0.0,0.0
1.3,ASCENT,0.0,0.0,38.8306422336027,5.492712787227128,0.0,0.0,5.492712787227128,6371038.830642234,0.0,0.0,7600000.0,1.0,0.0,0.0,0.0,0.0,0.0,0.0,0.0,0.0
1.35,ASCENT,0.0,0.0,39.11557163204998,5.698587964479259,0.0,0.0,5.698587964479259,6371039.115571632,0.0,0.0,7600000.0,1.0,0.0,0.0,0.0,0.0,0.0,0.0,0.0,0.0
1.4,ASCENT,0.0,0.0,39.41080353874713,5.904638142519879,0.0,0.0,5.904638142519879,6371039.410803539,0.0,0.0,7600000.0,1.0,0.0,0.0,0.0,0.0,0.0,0.0,0.0,0.0
1.45,ASCENT,0.0,0.0,39.716346708126366,6.110863385105335,0.0,0.0,6.110863385105335,6371039.716346708,0.0,0.0,7600000.0,1.0,0.0,0.0,0.0,0.0,0.0,0.0,0.0,0.0
1.5,ASCENT,0.0,0.0,40.032209895551205,6.3172637559804,0.0,0.0,6.3172637559804,6371040.032209896,0.0,0.0,7600000.0,1.0,0.0,0.0,0.0,0.0,0.0,0.0,0.0,0.0
1.55,ASCENT,0.0,0.0,40.358401861041784,6.523839318878368,0.0,0.0,6.523839318878368,6371040.358401861,0.0,0.0,7600000.0,1.0,0.0,0.0,0.0,0.0,0.0,0.0,0.0,0.0
1.6,ASCENT,0.0,0.0,40.69493136834353,6.730590137521164,0.0,0.0,6.730590137521164,6371040.694931368,0.0,0.0,7600000.0,1.0,0.0,0.0,0.0,0.0,0.0,0.0,0.0,0.0
1.65,ASCENT,0.0,0.0,41.0418071821332,6.937516275619446,0.0,0.0,6.937516275619446,6371041.041807182,0.0,0.0,7600000.0,1.0,0.0,0.0,0.0,0.0,0.0,0.0,0.0,0.0
1.7,ASCENT,0.0,0.0,41.399038071744144,7.144617796872713,0.0,0.0,7.144617796872713,6371041.399038072,0.0,0.0,7600000.0,1.0,0.0,0.0,0.0,0.0,0.0,0.0,0.0,0.0
1.75,ASCENT,0.0,0.0,41.76663281023502,7.35189476496941,0.0,0.0,7.35189476496941,6371041.76663281,0.0,0.0,7600000.0,1.0,0.0,0.0,0.0,0.0,0.0,0.0,0.0,0.0
1.8,ASCENT,0.0,0.0,42.144600172527134,7.5593472435870375,0.0,0.0,7.5593472435870375,6371042.1446001725,0.0,0.0,7600000.0,1.0,0.0,0.0,0.0,0.0,0.0,0.0,0.0,0.0
1.85,ASCENT,0.0,0.0,42.532948937267065,7.7669752963922605,0.0,0.0,7.7669752963922605,6371042.532948937,0.0,0.0,7600000.0,1.0,0.0,0.0,0.0,0.0,0.0,0.0,0.0,0.0
1.9,ASCENT,0.0,0.0,42.931687886826694,7.97477898704102,0.0,0.0,7.97477898704102,6371042.931687887,0.0,0.0,7600000.0,1.0,0.0,0.0,0.0,0.0,0.0,0.0,0.0,0.0
1.95,ASCENT,0.0,0.0,43.340825805440545,8.182758379178644,0.0,0.0,8.182758379178644,6371043.340825805,0.0,0.0,7600000.0,1.0,0.0,0.0,0.0,0.0,0.0,0.0,0.0,0.0
2.0,ASCENT,0.0,0.0,43.760371481999755,8.390913536439959,0.0,0.0,8.390913536439959,6371043.760371482,0.0,0.0,7600000.0,1.0,0.0,0.0,0.0,0.0,0.0,0.0,0.0,0.0
2.05,ASCENT,0.0,0.0,44.19033370818943,8.599244522449403,0.0,0.0,8.599244522449403,6371044.190333708,0.0,0.0,7600000.0,1.0,0.0,0.0,0.0,0.0,0.0,0.0,0.0,0.0
2.1,ASCENT,0.0,0.0,44.630721278488636,8.807751400821148,0.0,0.0,8.807751400821148,6371044.6307212785,0.0,0.0,7600000.0,1.0,0.0,0.0,0.0,0.0,0.0,0.0,0.0,0.0
2.15,ASCENT,0.0,0.0,45.08154299017042,9.016434235159208,0.0,0.0,9.016434235159208,6371045.08154299,0.0,0.0,7600000.0,1.0,0.0,0.0,0.0,0.0,0.0,0.0,0.0,0.0
2.2,ASCENT,0.0,0.0,45.54280764423311,9.225293089057557,0.0,0.0,9.225293089057557,6371045.542807644,0.0,0.0,7600000.0,1.0,0.0,0.0,0.0,0.0,0.0,0.0,0.0,0.0
2.25,ASCENT,0.0,0.0,46.01452404540032,9.434328026100252,0.0,0.0,9.434328026100252,6371046.014524045,0.0,0.0,7600000.0,1.0,0.0,0.0,0.0,0.0,0.0,0.0,0.0,0.0
2.3,ASCENT,0.0,0.0,46.49670100118965,9.643539109861546,0.0,0.0,9.643539109861546,6371046.496701001,0.0,0.0,7600000.0,1.0,0.0,0.0,0.0,0.0,0.0,0.0,0.0,0.0
2.35,ASCENT,0.0,0.0,46.989347320981324,9.852926403906018,0.0,0.0,9.852926403906018,6371046.989347321,0.0,0.0,7600000.0,1.0,0.0,0.0,0.0,0.0,0.0,0.0,0.0,0.0
2.4,ASCENT,0.0,0.0,47.492471819743514,10.062489971788684,0.0,0.0,10.062489971788684,6371047.49247182,0.0,0.0,7600000.0,1.0,0.0,0.0,0.0,0.0,0.0,0.0,0.0,0.0
2.45,ASCENT,0.0,0.0,48.00608331337571,10.272229877055128,0.0,0.0,10.272229877055128,6371048.006083313,0.0,0.0,7600000.0,1.0,0.0,0.0,0.0,0.0,0.0,0.0,0.0,0.0
2.5,ASCENT,0.0,0.0,48.53019062243402,10.482146183241623,0.0,0.0,10.482146183241623,6371048.530190622,0.0,0.0,7600000.0,1.0,0.0,0.0,0.0,0.0,0.0,0.0,0.0,0.0
2.55,ASCENT,0.0,0.0,49.06480257026851,10.692238953875254,0.0,0.0,10.692238953875254,6371049.06480257,0.0,0.0,7600000.0,1.0,0.0,0.0,0.0,0.0,0.0,0.0,0.0,0.0
2.6,ASCENT,0.0,0.0,49.609927983023226,10.90250825247405,0.0,0.0,10.90250825247405,6371049.609927983,0.0,0.0,7600000.0,1.0,0.0,0.0,0.0,0.0,0.0,0.0,0.0,0.0
2.65,ASCENT,0.0,0.0,50.16557569056749,11.112954142547105,0.0,0.0,11.112954142547105,6371050.165575691,0.0,0.0,7600000.0,1.0,0.0,0.0,0.0,0.0,0.0,0.0,0.0,0.0
2.7,ASCENT,0.0,0.0,50.73175452463329,11.323576687594715,0.0,0.0,11.323576687594715,6371050.731754525,0.0,0.0,7600000.0,1.0,0.0,0.0,0.0,0.0,0.0,0.0,0.0,0.0
2.75,ASCENT,0.0,0.0,51.30847332254052,11.534375951108496,0.0,0.0,11.534375951108496,6371051.308473323,0.0,0.0,7600000.0,1.0,0.0,0.0,0.0,0.0,0.0,0.0,0.0,0.0
2.8,ASCENT,0.0,0.0,51.895740922540426,11.745351996571527,0.0,0.0,11.745351996571527,6371051.895740923,0.0,0.0,7600000.0,1.0,0.0,0.0,0.0,0.0,0.0,0.0,0.0,0.0
2.85,ASCENT,0.0,0.0,52.493566166609526,11.956504887458475,0.0,0.0,11.956504887458475,6371052.493566167,0.0,0.0,7600000.0,1.0,0.0,0.0,0.0,0.0,0.0,0.0,0.0,0.0
2.9,ASCENT,0.0,0.0,53.101957901380956,12.167834687235732,0.0,0.0,12.167834687235732,6371053.101957901,0.0,0.0,7600000.0,1.0,0.0,0.0,0.0,0.0,0.0,0.0,0.0,0.0
2.95,ASCENT,0.0,0.0,53.72092497441918,12.379341459361545,0.0,0.0,12.379341459361545,6371053.720924974,0.0,0.0,7600000.0,1.0,0.0,0.0,0.0,0.0,0.0,0.0,0.0,0.0
3.0,ASCENT,0.0,0.0,54.35047623794526,12.591025267286154,0.0,0.0,12.591025267286154,6371054.350476238,0.0,0.0,7600000.0,1.0,0.0,0.0,0.0,0.0,0.0,0.0,0.0,0.0
3.05,ASCENT,0.0,0.0,54.99062054697424,12.802886174451935,0.0,0.0,12.802886174451935,6371054.990620547,0.0,0.0,7600000.0,1.0,0.0,0.0,0.0,0.0,0.0,0.0,0.0,0.0
3.1,ASCENT,0.0,0.0,55.64136675931513,13.014924244293523,0.0,0.0,13.014924244293523,6371055.641366759,0.0,0.0,7600000.0,1.0,0.0,0.0,0.0,0.0,0.0,0.0,0.0,0.0
3.15,ASCENT,0.0,0.0,56.30272373650223,13.227139540237967,0.0,0.0,13.227139540237967,6371056.3027237365,0.0,0.0,7600000.0,1.0,0.0,0.0,0.0,0.0,0.0,0.0,0.0,0.0
3.2,ASCENT,0.0,0.0,56.9747003428638,13.439532125704863,0.0,0.0,13.439532125704863,6371056.974700343,0.0,0.0,7600000.0,1.0,0.0,0.0,0.0,0.0,0.0,0.0,0.0,0.0
3.25,ASCENT,0.0,0.0,57.65730544645339,13.652102064106494,0.0,0.0,13.652102064106494,6371057.657305446,0.0,0.0,7600000.0,1.0,0.0,0.0,0.0,0.0,0.0,0.0,0.0,0.0
3.3,ASCENT,0.0,0.0,58.350547917187214,13.864849418847975,0.0,0.0,13.864849418847975,6371058.350547917,0.0,0.0,7600000.0,1.0,0.0,0.0,0.0,0.0,0.0,0.0,0.0,0.0
3.35,ASCENT,0.0,0.0,59.054436629638076,14.077774253327398,0.0,0.0,14.077774253327398,6371059.05443663,0.0,0.0,7600000.0,1.0,0.0,0.0,0.0,0.0,0.0,0.0,0.0,0.0
3.4,ASCENT,0.0,0.0,59.76898046117276,14.290876630935976,0.0,0.0,14.290876630935976,6371059.768980461,0.0,0.0,7600000.0,1.0,0.0,0.0,0.0,0.0,0.0,0.0,0.0,0.0
3.45,ASCENT,0.0,0.0,60.494188291952014,14.50415661505819,0.0,0.0,14.50415661505819,6371060.494188292,0.0,0.0,7600000.0,1.0,0.0,0.0,0.0,0.0,0.0,0.0,0.0,0.0
3.5,ASCENT,0.0,0.0,61.23006900586188,14.71761426907193,0.0,0.0,14.71761426907193,6371061.230069006,0.0,0.0,7600000.0,1.0,0.0,0.0,0.0,0.0,0.0,0.0,0.0,0.0
3.55,ASCENT,0.0,0.0,61.97663148865104,14.931249656348658,0.0,0.0,14.931249656348658,6371061.976631489,0.0,0.0,7600000.0,1.0,0.0,0.0,0.0,0.0,0.0,0.0,0.0,0.0
3.6,ASCENT,0.0,0.0,62.73388463072479,15.14506284025354,0.0,0.0,15.14506284025354,6371062.733884631,0.0,0.0,7600000.0,1.0,0.0,0.0,0.0,0.0,0.0,0.0,0.0,0.0
3.65,ASCENT,0.0,0.0,63.501837325282395,15.359053884145615,0.0,0.0,15.359053884145615,6371063.501837325,0.0,0.0,7600000.0,1.0,0.0,0.0,0.0,0.0,0.0,0.0,0.0,0.0
3.7,ASCENT,0.0,0.0,64.28049846738577,15.57322285137793,0.0,0.0,15.57322285137793,6371064.280498467,0.0,0.0,7600000.0,1.0,0.0,0.0,0.0,0.0,0.0,0.0,0.0,0.0
3.75,ASCENT,0.0,0.0,65.06987695768476,15.787569805297705,0.0,0.0,15.787569805297705,6371065.069876958,0.0,0.0,7600000.0,1.0,0.0,0.0,0.0,0.0,0.0,0.0,0.0,0.0
3.8,ASCENT,0.0,0.0,65.86998169776052,16.002094809246486,0.0,0.0,16.002094809246486,6371065.869981698,0.0,0.0,7600000.0,1.0,0.0,0.0,0.0,0.0,0.0,0.0,0.0,0.0
3.85,ASCENT,0.0,0.0,66.68082159385085,16.2167979265603,0.0,0.0,16.2167979265603,6371066.680821594,0.0,0.0,7600000.0,1.0,0.0,0.0,0.0,0.0,0.0,0.0,0.0,0.0
3.9,ASCENT,0.0,0.0,67.50240555498749,16.43167922056981,0.0,0.0,16.43167922056981,6371067.502405555,0.0,0.0,7600000.0,1.0,0.0,0.0,0.0,0.0,0.0,0.0,0.0,0.0
3.95,ASCENT,0.0,0.0,68.33474249299616,16.64673875460047,0.0,0.0,16.64673875460047,6371068.334742493,0.0,0.0,7600000.0,1.0,0.0,0.0,0.0,0.0,0.0,0.0,0.0,0.0
4.0,ASCENT,0.0,0.0,69.17784132249653,16.861976591972695,0.0,0.0,16.861976591972695,6371069.1778413225,0.0,0.0,7600000.0,1.0,0.0,0.0,0.0,0.0,0.0,0.0,0.0,0.0
4.05,ASCENT,0.0,0.0,70.0317109618336,17.077392796002016,0.0,0.0,17.077392796002016,6371070.031710962,0.0,0.0,7600000.0,1.0,0.0,0.0,0.0,0.0,0.0,0.0,0.0,0.0
4.1,ASCENT,0.0,0.0,70.89636033307761,17.292987429999236,0.0,0.0,17.292987429999236,6371070.896360333,0.0,0.0,7600000.0,1.0,0.0,0.0,0.0,0.0,0.0,0.0,0.0,0.0
4.15,ASCENT,0.0,0.0,71.7717983610928,17.508760557270605,0.0,0.0,17.508760557270605,6371071.771798361,0.0,0.0,7600000.0,1.0,0.0,0.0,0.0,0.0,0.0,0.0,0.0,0.0
4.2,ASCENT,0.0,0.0,72.65803397353739,17.724712241117977,0.0,0.0,17.724712241117977,6371072.658033974,0.0,0.0,7600000.0,1.0,0.0,0.0,0.0,0.0,0.0,0.0,0.0,0.0
4.25,ASCENT,0.0,0.0,73.55507610086352,17.940842544838976,0.0,0.0,17.940842544838976,6371073.555076101,0.0,0.0,7600000.0,1.0,0.0,0.0,0.0,0.0,0.0,0.0,0.0,0.0
4.3,ASCENT,0.0,0.0,74.46293367724866,18.15715153172716,0.0,0.0,18.15715153172716,6371074.462933677,0.0,0.0,7600000.0,1.0,0.0,0.0,0.0,0.0,0.0,0.0,0.0,0.0
4.35,ASCENT,0.0,0.0,75.38161564059556,18.3736392650722,0.0,0.0,18.3736392650722,6371075.381615641,0.0,0.0,7600000.0,1.0,0.0,0.0,0.0,0.0,0.0,0.0,0.0,0.0
4.4,ASCENT,0.0,0.0,76.3111309306696,18.590305808160036,0.0,0.0,18.590305808160036,6371076.311130931,0.0,0.0,7600000.0,1.0,0.0,0.0,0.0,0.0,0.0,0.0,0.0,0.0
4.45,ASCENT,0.0,0.0,77.25148849189281,18.807151224273056,0.0,0.0,18.807151224273056,6371077.251488492,0.0,0.0,7600000.0,1.0,0.0,0.0,0.0,0.0,0.0,0.0,0.0,0.0
4.5,ASCENT,0.0,0.0,78.20269727054983,19.024175576690265,0.0,0.0,19.024175576690265,6371078.202697271,0.0,0.0,7600000.0,1.0,0.0,0.0,0.0,0.0,0.0,0.0,0.0,0.0
4.55,ASCENT,0.0,0.0,79.1647662166506,19.241378928687457,0.0,0.0,19.241378928687457,6371079.164766217,0.0,0.0,7600000.0,1.0,0.0,0.0,0.0,0.0,0.0,0.0,0.0,0.0
4.6,ASCENT,0.0,0.0,80.13770428393036,19.458761343537393,0.0,0.0,19.458761343537393,6371080.137704284,0.0,0.0,7600000.0,1.0,0.0,0.0,0.0,0.0,0.0,0.0,0.0,0.0
4.65,ASCENT,0.0,0.0,81.12152042798698,19.676322884509972,0.0,0.0,19.676322884509972,6371081.121520428,0.0,0.0,7600000.0,1.0,0.0,0.0,0.0,0.0,0.0,0.0,0.0,0.0
4.7,ASCENT,0.0,0.0,82.11622360907495,19.894063614872408,0.0,0.0,19.894063614872408,6371082.116223609,0.0,0.0,7600000.0,1.0,0.0,0.0,0.0,0.0,0.0,0.0,0.0,0.0
4.75,ASCENT,0.0,0.0,83.12182278931141,20.111983597889413,0.0,0.0,20.111983597889413,6371083.121822789,0.0,0.0,7600000.0,1.0,0.0,0.0,0.0,0.0,0.0,0.0,0.0,0.0
4.8,ASCENT,0.0,0.0,84.13832693453878,20.330082896823374,0.0,0.0,20.330082896823374,6371084.138326935,0.0,0.0,7600000.0,1.0,0.0,0.0,0.0,0.0,0.0,0.0,0.0,0.0
4.85,ASCENT,0.0,0.0,85.16574501339346,20.548361574934525,0.0,0.0,20.548361574934525,6371085.165745013,0.0,0.0,7600000.0,1.0,0.0,0.0,0.0,0.0,0.0,0.0,0.0,0.0
4.9,ASCENT,0.0,0.0,86.20408599823713,20.766819695481143,0.0,0.0,20.766819695481143,6371086.204085998,0.0,0.0,7600000.0,1.0,0.0,0.0,0.0,0.0,0.0,0.0,0.0,0.0
4.95,ASCENT,0.0,0.0,87.25335886422545,20.98545732171972,0.0,0.0,20.98545732171972,6371087.253358864,0.0,0.0,7600000.0,1.0,0.0,0.0,0.0,0.0,0.0,0.0,0.0,0.0
5.0,ASCENT,0.0,0.0,88.31357259023935,21.204274516905155,0.0,0.0,21.204274516905155,6371088.31357259,0.0,0.0,7600000.0,1.0,0.0,0.0,0.0,0.0,0.0,0.0,0.0,0.0
5.05,ASCENT,0.0,0.0,89.38473615702242,21.423271344290928,0.0,0.0,21.423271344290928,6371089.384736157,0.0,0.0,7600000.0,1.0,0.0,0.0,0.0,0.0,0.0,0.0,0.0,0.0
5.1,ASCENT,0.0,0.0,90.46685854997486,21.642447867129302,0.0,0.0,21.642447867129302,6371090.46685855,0.0,0.0,7600000.0,1.0,0.0,0.0,0.0,0.0,0.0,0.0,0.0,0.0
5.15,ASCENT,0.0,0.0,91.55994875729084,21.8618041486715,0.0,0.0,21.8618041486715,6371091.559948757,0.0,0.0,7600000.0,1.0,0.0,0.0,0.0,0.0,0.0,0.0,0.0,0.0
5.2,ASCENT,0.0,0.0,92.6640157699585,22.081340252167898,0.0,0.0,22.081340252167898,6371092.66401577,0.0,0.0,7600000.0,1.0,0.0,0.0,0.0,0.0,0.0,0.0,0.0,0.0
5.25,ASCENT,0.0,0.0,93.77906858175993,22.301056240868213,0.0,0.0,22.301056240868213,6371093.779068582,0.0,0.0,7600000.0,1.0,0.0,0.0,0.0,0.0,0.0,0.0,0.0,0.0
5.3,ASCENT,0.0,0.0,94.90511619020253,22.520952178021698,0.0,0.0,22.520952178021698,6371094.90511619,0.0,0.0,7600000.0,1.0,0.0,0.0,0.0,0.0,0.0,0.0,0.0,0.0
5.35,ASCENT,0.0,0.0,96.042167596519,22.741028126877335,0.0,0.0,22.741028126877335,6371096.0421675965,0.0,0.0,7600000.0,1.0,0.0,0.0,0.0,0.0,0.0,0.0,0.0,0.0
5.4,ASCENT,0.0,0.0,97.19023180380464,22.96128415068403,0.0,0.0,22.96128415068403,6371097.190231804,0.0,0.0,7600000.0,1.0,0.0,0.0,0.0,0.0,0.0,0.0,0.0,0.0
5.45,ASCENT,0.0,0.0,98.3493178198114,23.181720312690796,0.0,0.0,23.181720312690796,6371098.34931782,0.0,0.0,7600000.0,1.0,0.0,0.0,0.0,0.0,0.0,0.0,0.0,0.0
5.5,ASCENT,0.0,0.0,99.51943465322256,23.402336676146977,0.0,0.0,23.402336676146977,6371099.519434653,0.0,0.0,7600000.0,1.0,0.0,0.0,0.0,0.0,0.0,0.0,0.0,0.0
5.55,ASCENT,0.0,0.0,100.7005913183093,23.623133304302414,0.0,0.0,23.623133304302414,6371100.700591318,0.0,0.0,7600000.0,1.0,0.0,0.0,0.0,0.0,0.0,0.0,0.0,0.0
5.6,ASCENT,0.0,0.0,101.89279683120549,23.844110260407668,0.0,0.0,23.844110260407668,6371101.892796831,0.0,0.0,7600000.0,1.0,0.0,0.0,0.0,0.0,0.0,0.0,0.0,0.0
5.65,ASCENT,0.0,0.0,103.09606021177024,24.065267607714212,0.0,0.0,24.065267607714212,6371103.096060212,0.0,0.0,7600000.0,1.0,0.0,0.0,0.0,0.0,0.0,0.0,0.0,0.0
5.7,ASCENT,0.0,0.0,104.31039048265666,24.28660540947463,0.0,0.0,24.28660540947463,6371104.310390483,0.0,0.0,7600000.0,1.0,0.0,0.0,0.0,0.0,0.0,0.0,0.0,0.0
5.75,ASCENT,0.0,0.0,105.53579666931182,24.508123728942834,0.0,0.0,24.508123728942834,6371105.535796669,0.0,0.0,7600000.0,1.0,0.0,0.0,0.0,0.0,0.0,0.0,0.0,0.0
5.8,ASCENT,0.0,0.0,106.77228780090809,24.729822629374244,0.0,0.0,24.729822629374244,6371106.772287801,0.0,0.0,7600000.0,1.0,0.0,0.0,0.0,0.0,0.0,0.0,0.0,0.0
5.85,ASCENT,0.0,0.0,108.01987290941179,24.951702174026018,0.0,0.0,24.951702174026018,6371108.019872909,0.0,0.0,7600000.0,1.0,0.0,0.0,0.0,0.0,0.0,0.0,0.0,0.0
5.9,ASCENT,0.0,0.0,109.27856103051454,25.173762426157246,0.0,0.0,25.173762426157246,6371109.2785610305,0.0,0.0,7600000.0,1.0,0.0,0.0,0.0,0.0,0.0,0.0,0.0,0.0
5.95,ASCENT,0.0,0.0,110.54836120270193,25.396003449029163,0.0,0.0,25.396003449029163,6371110.548361203,0.0,0.0,7600000.0,1.0,0.0,0.0,0.0,0.0,0.0,0.0,0.0,0.0
6.0,ASCENT,0.0,0.0,111.82928246818483,25.618425305905355,0.0,0.0,25.618425305905355,6371111.829282468,0.0,0.0,7600000.0,1.0,0.0,0.0,0.0,0.0,0.0,0.0,0.0,0.0
6.05,ASCENT,0.0,0.0,113.12133387103677,25.841028060051976,0.0,0.0,25.841028060051976,6371113.121333871,0.0,0.0,7600000.0,1.0,0.0,0.0,0.0,0.0,0.0,0.0,0.0,0.0
6.1,ASCENT,0.0,0.0,114.42452445998788,26.063811774737953,0.0,0.0,26.063811774737953,6371114.42452446,0.0,0.0,7600000.0,1.0,0.0,0.0,0.0,0.0,0.0,0.0,0.0,0.0
6.15,ASCENT,0.0,0.0,115.73886328563094,26.286776513235203,0.0,0.0,26.286776513235203,6371115.738863286,0.0,0.0,7600000.0,1.0,0.0,0.0,0.0,0.0,0.0,0.0,0.0,0.0
6.2,ASCENT,0.0,0.0,117.06435940228403,26.509922338818853,0.0,0.0,26.509922338818853,6371117.064359402,0.0,0.0,7600000.0,1.0,0.0,0.0,0.0,0.0,0.0,0.0,0.0,0.0
6.25,ASCENT,0.0,0.0,118.4010218679905,26.733249314767445,0.0,0.0,26.733249314767445,6371118.401021868,0.0,0.0,7600000.0,1.0,0.0,0.0,0.0,0.0,0.0,0.0,0.0,0.0
6.3,ASCENT,0.0,0.0,119.74885974358767,26.956757504363164,0.0,0.0,26.956757504363164,6371119.748859744,0.0,0.0,7600000.0,1.0,0.0,0.0,0.0,0.0,0.0,0.0,0.0,0.0
6.35,ASCENT,0.0,0.0,121.10788209177554,27.18044697089205,0.0,0.0,27.18044697089205,6371121.107882092,0.0,0.0,7600000.0,1.0,0.0,0.0,0.0,0.0,0.0,0.0,0.0,0.0
6.4,ASCENT,0.0,0.0,122.478097980842,27.404317777644216,0.0,0.0,27.404317777644216,6371122.478097981,0.0,0.0,7600000.0,1.0,0.0,0.0,0.0,0.0,0.0,0.0,0.0,0.0
6.45,ASCENT,0.0,0.0,123.85951648000628,27.628369987914088,0.0,0.0,27.628369987914088,6371123.85951648,0.0,0.0,7600000.0,1.0,0.0,0.0,0.0,0.0,0.0,0.0,0.0,0.0
6.5,ASCENT,0.0,0.0,125.25214666314423,27.852603665000597,0.0,0.0,27.852603665000597,6371125.252146663,0.0,0.0,7600000.0,1.0,0.0,0.0,0.0,0.0,0.0,0.0,0.0,0.0
6.55,ASCENT,0.0,0.0,126.65599760692567,28.07701887220743,0.0,0.0,28.07701887220743,6371126.655997607,0.0,0.0,7600000.0,1.0,0.0,0.0,0.0,0.0,0.0,0.0,0.0,0.0
6.6,ASCENT,0.0,0.0,128.07107839081436,28.301615672843234,0.0,0.0,28.301615672843234,6371128.071078391,0.0,0.0,7600000.0,1.0,0.0,0.0,0.0,0.0,0.0,0.0,0.0,0.0
6.65,ASCENT,0.0,0.0,129.49739809706807,28.526394130221867,0.0,0.0,28.526394130221867,6371129.497398097,0.0,0.0,7600000.0,1.0,0.0,0.0,0.0,0.0,0.0,0.0,0.0,0.0
6.7,ASCENT,0.0,0.0,130.93496581260115,28.751354307662602,0.0,0.0,28.751354307662602,6371130.934965813,0.0,0.0,7600000.0,1.0,0.0,0.0,0.0,0.0,0.0,0.0,0.0,0.0
6.75,ASCENT,0.0,0.0,132.3837906261906,28.976496268490372,0.0,0.0,28.976496268490372,6371132.383790626,0.0,0.0,7600000.0,1.0,0.0,0.0,0.0,0.0,0.0,0.0,0.0,0.0
6.8,ASCENT,0.0,0.0,133.84388163033873,29.20182007603599,0.0,0.0,29.20182007603599,6371133.84388163,0.0,0.0,7600000.0,1.0,0.0,0.0,0.0,0.0,0.0,0.0,0.0,0.0
6.85,ASCENT,0.0,0.0,135.3152479203418,29.42732579363639,0.0,0.0,29.42732579363639,6371135.31524792,0.0,0.0,7600000.0,1.0,0.0,0.0,0.0,0.0,0.0,0.0,0.0,0.0
6.9,ASCENT,0.0,0.0,136.79789859429002,29.65301348463485,0.0,0.0,29.65301348463485,6371136.797898594,0.0,0.0,7600000.0,1.0,0.0,0.0,0.0,0.0,0.0,0.0,0.0,0.0
6.95,ASCENT,0.0,0.0,138.29184275493026,29.878883212381243,0.0,0.0,29.878883212381243,6371138.291842755,0.0,0.0,7600000.0,1.0,0.0,0.0,0.0,0.0,0.0,0.0,0.0,0.0
7.0,ASCENT,0.0,0.0,139.797089506872,30.10493504023225,0.0,0.0,30.10493504023225,6371139.797089507,0.0,0.0,7600000.0,1.0,0.0,0.0,0.0,0.0,0.0,0.0,0.0,0.0
7.05,ASCENT,0.0,0.0,141.31364795845002,30.331169031551614,0.0,0.0,30.331169031551614,6371141.313647958,0.0,0.0,7600000.0,1.0,0.0,0.0,0.0,0.0,0.0,0.0,0.0,0.0
7.1,ASCENT,0.0,0.0,142.84152722079307,30.557585249710375,0.0,0.0,30.557585249710375,6371142.841527221,0.0,0.0,7600000.0,1.0,0.0,0.0,0.0,0.0,0.0,0.0,0.0,0.0
7.15,ASCENT,0.0,0.0,144.38073640875518,30.78418375808711,0.0,0.0,30.78418375808711,6371144.380736409,0.0,0.0,7600000.0,1.0,0.0,0.0,0.0,0.0,0.0,0.0,0.0,0.0
7.2,ASCENT,0.0,0.0,145.93128463998437,31.010964620068165,0.0,0.0,31.010964620068165,6371145.93128464,0.0,0.0,7600000.0,1.0,0.0,0.0,0.0,0.0,0.0,0.0,0.0,0.0
7.25,ASCENT,0.0,0.0,147.4931810349226,31.237927899047914,0.0,0.0,31.237927899047914,6371147.493181035,0.0,0.0,7600000.0,1.0,0.0,0.0,0.0,0.0,0.0,0.0,0.0,0.0
7.3,ASCENT,0.0,0.0,149.06643471773714,31.465073658428988,0.0,0.0,31.465073658428988,6371149.066434718,0.0,0.0,7600000.0,1.0,0.0,0.0,0.0,0.0,0.0,0.0,0.0,0.0
7.35,ASCENT,0.0,0.0,150.65105481538922,31.692401961622526,0.0,0.0,31.692401961622526,6371150.651054815,0.0,0.0,7600000.0,1.0,0.0,0.0,0.0,0.0,0.0,0.0,0.0,0.0
7.4,ASCENT,0.0,0.0,152.24705045856535,31.919912872048425,0.0,0.0,31.919912872048425,6371152.247050459,0.0,0.0,7600000.0,1.0,0.0,0.0,0.0,0.0,0.0,0.0,0.0,0.0
7.45,ASCENT,0.0,0.0,153.85443078167737,32.14760645313558,0.0,0.0,32.14760645313558,6371153.854430782,0.0,0.0,7600000.0,1.0,0.0,0.0,0.0,0.0,0.0,0.0,0.0,0.0
7.5,ASCENT,0.0,0.0,155.47320492006838,32.37548276832214,0.0,0.0,32.37548276832214,6371155.47320492,0.0,0.0,7600000.0,1.0,0.0,0.0,0.0,0.0,0.0,0.0,0.0,0.0
7.55,ASCENT,0.0,0.0,157.10338201373816,32.60354188105575,0.0,0.0,32.60354188105575,6371157.103382014,0.0,0.0,7600000.0,1.0,0.0,0.0,0.0,0.0,0.0,0.0,0.0,0.0
7.6,ASCENT,0.0,0.0,158.74497120641172,32.831783854793805,0.0,0.0,32.831783854793805,6371158.744971206,0.0,0.0,7600000.0,1.0,0.0,0.0,0.0,0.0,0.0,0.0,0.0,0.0
7.65,ASCENT,0.0,0.0,160.39798164367676,33.06020875300372,0.0,0.0,33.06020875300372,6371160.397981644,0.0,0.0,7600000.0,1.0,0.0,0.0,0.0,0.0,0.0,0.0,0.0,0.0
7.7,ASCENT,0.0,0.0,162.06242247577757,33.288816639163166,0.0,0.0,33.288816639163166,6371162.062422476,0.0,0.0,7600000.0,1.0,0.0,0.0,0.0,0.0,0.0,0.0,0.0,0.0
7.75,ASCENT,0.0,0.0,163.7383028548211,33.51760757676033,0.0,0.0,33.51760757676033,6371163.738302855,0.0,0.0,7600000.0,1.0,0.0,0.0,0.0,0.0,0.0,0.0,0.0,0.0
7.8,ASCENT,0.0,0.0,165.42563193663955,33.746581629294155,0.0,0.0,33.746581629294155,6371165.425631937,0.0,0.0,7600000.0,1.0,0.0,0.0,0.0,0.0,0.0,0.0,0.0,0.0
7.85,ASCENT,0.0,0.0,167.12441887985915,33.97573886027464,0.0,0.0,33.97573886027464,6371167.12441888,0.0,0.0,7600000.0,1.0,0.0,0.0,0.0,0.0,0.0,0.0,0.0,0.0
7.9,ASCENT,0.0,0.0,168.83467284683138,34.20507933322306,0.0,0.0,34.20507933322306,6371168.834672847,0.0,0.0,7600000.0,1.0,0.0,0.0,0.0,0.0,0.0,0.0,0.0,0.0
7.95,ASCENT,0.0,0.0,170.5564030027017,34.43460311167225,0.0,0.0,34.43460311167225,6371170.556403003,0.0,0.0,7600000.0,1.0,0.0,0.0,0.0,0.0,0.0,0.0,0.0,0.0
8.0,ASCENT,0.0,0.0,172.28961851540953,34.66431025916687,0.0,0.0,34.66431025916687,6371172.289618515,0.0,0.0,7600000.0,1.0,0.0,0.0,0.0,0.0,0.0,0.0,0.0,0.0
8.05,ASCENT,0.0,0.0,174.0343285575509,34.894200839263625,0.0,0.0,34.894200839263625,6371174.034328558,0.0,0.0,7600000.0,1.0,0.0,0.0,0.0,0.0,0.0,0.0,0.0,0.0
8.1,ASCENT,0.0,0.0,175.79054230358452,35.1242749155316,0.0,0.0,35.1242749155316,6371175.790542304,0.0,0.0,7600000.0,1.0,0.0,0.0,0.0,0.0,0.0,0.0,0.0,0.0
8.15,ASCENT,0.0,0.0,177.558268930763,35.354532551552474,0.0,0.0,35.354532551552474,6371177.558268931,0.0,0.0,7600000.0,1.0,0.0,0.0,0.0,0.0,0.0,0.0,0.0,0.0
8.2,ASCENT,0.0,0.0,179.33751762099564,35.5849738109208,0.0,0.0,35.5849738109208,6371179.337517621,0.0,0.0,7600000.0,1.0,0.0,0.0,0.0,0.0,0.0,0.0,0.0,0.0
8.25,ASCENT,0.0,0.0,181.12829755898565,35.81559875724429,0.0,0.0,35.81559875724429,6371181.128297559,0.0,0.0,7600000.0,1.0,0.0,0.0,0.0,0.0,0.0,0.0,0.0,0.0
8.3,ASCENT,0.0,0.0,182.9306179312989,36.04640745414407,0.0,0.0,36.04640745414407,6371182.930617931,0.0,0.0,7600000.0,1.0,0.0,0.0,0.0,0.0,0.0,0.0,0.0,0.0
8.35,ASCENT,0.0,0.0,184.7444879291579,36.27739996525494,0.0,0.0,36.27739996525494,6371184.744487929,0.0,0.0,7600000.0,1.0,0.0,0.0,0.0,0.0,0.0,0.0,0.0,0.0
8.4,ASCENT,0.0,0.0,186.5699167465791,36.508576354225696,0.0,0.0,36.508576354225696,6371186.569916747,0.0,0.0,7600000.0,1.0,0.0,0.0,0.0,0.0,0.0,0.0,0.0,0.0
8.45,ASCENT,0.0,0.0,188.40691358037293,36.73993668471934,0.0,0.0,36.73993668471934,6371188.40691358,0.0,0.0,7600000.0,1.0,0.0,0.0,0.0,0.0,0.0,0.0,0.0,0.0
8.5,ASCENT,0.0,0.0,190.25548763107508,36.97148102041341,0.0,0.0,36.97148102041341,6371190.255487631,0.0,0.0,7600000.0,1.0,0.0,0.0,0.0,0.0,0.0,0.0,0.0,0.0
8.55,ASCENT,0.0,0.0,192.11564810201526,37.20320942500021,0.0,0.0,37.20320942500021,6371192.115648102,0.0,0.0,7600000.0,1.0,0.0,0.0,0.0,0.0,0.0,0.0,0.0,0.0
8.6,ASCENT,0.0,0.0,193.98740420024842,37.43512196218714,0.0,0.0,37.43512196218714,6371193.9874042,0.0,0.0,7600000.0,1.0,0.0,0.0,0.0,0.0,0.0,0.0,0.0,0.0
8.65,ASCENT,0.0,0.0,195.8707651346922,37.66721869569694,0.0,0.0,37.66721869569694,6371195.870765135,0.0,0.0,7600000.0,1.0,0.0,0.0,0.0,0.0,0.0,0.0,0.0,0.0
8.7,ASCENT,0.0,0.0,197.7657401189208,37.89949968926796,0.0,0.0,37.89949968926796,6371197.765740119,0.0,0.0,7600000.0,1.0,0.0,0.0,0.0,0.0,0.0,0.0,0.0,0.0
8.75,ASCENT,0.0,0.0,199.67233836930245,38.131965006654504,0.0,0.0,38.131965006654504,6371199.672338369,0.0,0.0,7600000.0,1.0,0.0,0.0,0.0,0.0,0.0,0.0,0.0,0.0
8.8,ASCENT,0.0,0.0,201.5905691049993,38.364614711627034,0.0,0.0,38.364614711627034,6371201.590569105,0.0,0.0,7600000.0,1.0,0.0,0.0,0.0,0.0,0.0,0.0,0.0,0.0
8.85,ASCENT,0.0,0.0,203.5204415479675,38.59744886797252,0.0,0.0,38.59744886797252,6371203.520441548,0.0,0.0,7600000.0,1.0,0.0,0.0,0.0,0.0,0.0,0.0,0.0,0.0
8.9,ASCENT,0.0,0.0,205.46196492481977,38.830467539494684,0.0,0.0,38.830467539494684,6371205.461964925,0.0,0.0,7600000.0,1.0,0.0,0.0,0.0,0.0,0.0,0.0,0.0,0.0
8.95,ASCENT,0.0,0.0,207.41514846403152,39.06367079001432,0.0,0.0,39.06367079001432,6371207.415148464,0.0,0.0,7600000.0,1.0,0.0,0.0,0.0,0.0,0.0,0.0,0.0,0.0
9.0,ASCENT,0.0,0.0,209.38000139780343,39.29705868336956,0.0,0.0,39.29705868336956,6371209.380001398,0.0,0.0,7600000.0,1.0,0.0,0.0,0.0,0.0,0.0,0.0,0.0,0.0
9.05,ASCENT,0.0,0.0,211.35653296206146,39.530631283416184,0.0,0.0,39.530631283416184,6371211.356532962,0.0,0.0,7600000.0,1.0,0.0,0.0,0.0,0.0,0.0,0.0,0.0,0.0
9.1,ASCENT,0.0,0.0,213.34475239459425,39.76438865402789,0.0,0.0,39.76438865402789,6371213.344752395,0.0,0.0,7600000.0,1.0,0.0,0.0,0.0,0.0,0.0,0.0,0.0,0.0
9.15,ASCENT,0.0,0.0,215.34466893784702,39.998330859096605,0.0,0.0,39.998330859096605,6371215.344668938,0.0,0.0,7600000.0,1.0,0.0,0.0,0.0,0.0,0.0,0.0,0.0,0.0
9.2,ASCENT,0.0,0.0,217.35629183612764,40.23245796253277,0.0,0.0,40.23245796253277,6371217.356291836,0.0,0.0,7600000.0,1.0,0.0,0.0,0.0,0.0,0.0,0.0,0.0,0.0
9.25,ASCENT,0.0,0.0,219.37963033746928,40.46677002826565,0.0,0.0,40.46677002826565,6371219.3796303375,0.0,0.0,7600000.0,1.0,0.0,0.0,0.0,0.0,0.0,0.0,0.0,0.0
9.3,ASCENT,0.0,0.0,221.4146936936304,40.70126712024362,0.0,0.0,40.70126712024362,6371221.414693694,0.0,0.0,7600000.0,1.0,0.0,0.0,0.0,0.0,0.0,0.0,0.0,0.0
9.35,ASCENT,0.0,0.0,223.46149115916342,40.93594930243446,0.0,0.0,40.93594930243446,6371223.461491159,0.0,0.0,7600000.0,1.0,0.0,0.0,0.0,0.0,0.0,0.0,0.0,0.0
9.4,ASCENT,0.0,0.0,225.52003199141473,41.17081663882567,0.0,0.0,41.17081663882567,6371225.520031991,0.0,0.0,7600000.0,1.0,0.0,0.0,0.0,0.0,0.0,0.0,0.0,0.0
9.45,ASCENT,0.0,0.0,227.590325451456,41.405869193424756,0.0,0.0,41.405869193424756,6371227.590325451,0.0,0.0,7600000.0,1.0,0.0,0.0,0.0,0.0,0.0,0.0,0.0,0.0
9.5,ASCENT,0.0,0.0,229.67238080315292,41.64110703025955,0.0,0.0,41.64110703025955,6371229.672380803,0.0,0.0,7600000.0,1.0,0.0,0.0,0.0,0.0,0.0,0.0,0.0,0.0
9.55,ASCENT,0.0,0.0,231.7662073140964,41.87653021337849,0.0,0.0,41.87653021337849,6371231.766207314,0.0,0.0,7600000.0,1.0,0.0,0.0,0.0,0.0,0.0,0.0,0.0,0.0
9.6,ASCENT,0.0,0.0,233.87181425467134,42.11213880685095,0.0,0.0,42.11213880685095,6371233.871814255,0.0,0.0,7600000.0,1.0,0.0,0.0,0.0,0.0,0.0,0.0,0.0,0.0
9.65,ASCENT,0.0,0.0,235.98921089805663,42.34793287476755,0.0,0.0,42.34793287476755,6371235.989210898,0.0,0.0,7600000.0,1.0,0.0,0.0,0.0,0.0,0.0,0.0,0.0,0.0
9.7,ASCENT,0.0,0.0,238.11840652208775,42.58391248124043,0.0,0.0,42.58391248124043,6371238.118406522,0.0,0.0,7600000.0,1.0,0.0,0.0,0.0,0.0,0.0,0.0,0.0,0.0
9.75,ASCENT,0.0,0.0,240.25941040646285,42.8200776904036,0.0,0.0,42.8200776904036,6371240.259410406,0.0,0.0,7600000.0,1.0,0.0,0.0,0.0,0.0,0.0,0.0,0.0,0.0
9.8,ASCENT,0.0,0.0,242.41223183460534,43.056428566413224,0.0,0.0,43.056428566413224,6371242.412231835,0.0,0.0,7600000.0,1.0,0.0,0.0,0.0,0.0,0.0,0.0,0.0,0.0
9.85,ASCENT,0.0,0.0,244.57688009366393,43.292965173447946,0.0,0.0,43.292965173447946,6371244.576880094,0.0,0.0,7600000.0,1.0,0.0,0.0,0.0,0.0,0.0,0.0,0.0,0.0
9.9,ASCENT,0.0,0.0,246.75336447265,43.529687575709204,0.0,0.0,43.529687575709204,6371246.753364473,0.0,0.0,7600000.0,1.0,0.0,0.0,0.0,0.0,0.0,0.0,0.0,0.0
9.95,ASCENT,0.0,0.0,248.94169426430017,43.766595837421534,0.0,0.0,43.766595837421534,6371248.941694264,0.0,0.0,7600000.0,1.0,0.0,0.0,0.0,0.0,0.0,0.0,0.0,0.0
10.0,ASCENT,0.0,0.0,251.1418787650764,44.0036900228329,0.0,0.0,44.0036900228329,6371251.141878765,0.0,0.0,7600000.0,1.0,0.0,0.0,0.0,0.0,0.0,0.0,0.0,0.0
10.05,ASCENT,0.0,0.0,253.35392727516592,44.240970196215,0.0,0.0,44.240970196215,6371253.353927275,0.0,0.0,7600000.0,1.0,0.0,0.0,0.0,0.0,0.0,0.0,0.0,0.0
10.1,ASCENT,0.0,0.0,255.5778490966186,44.47843642186361,0.0,0.0,44.47843642186361,6371255.577849097,0.0,0.0,7600000.0,1.0,0.0,0.0,0.0,0.0,0.0,0.0,0.0,0.0
10.15,ASCENT,0.0,0.0,257.8136535352096,44.71608876409887,0.0,0.0,44.71608876409887,6371257.813653535,0.0,0.0,7600000.0,1.0,0.0,0.0,0.0,0.0,0.0,0.0,0.0,0.0
10.2,ASCENT,0.0,0.0,260.06134989950806,44.95392728726562,0.0,0.0,44.95392728726562,6371260.0613498995,0.0,0.0,7600000.0,1.0,0.0,0.0,0.0,0.0,0.0,0.0,0.0,0.0
10.25,ASCENT,0.0,0.0,262.3209475027397,45.19195205573374,0.0,0.0,45.19195205573374,6371262.320947503,0.0,0.0,7600000.0,1.0,0.0,0.0,0.0,0.0,0.0,0.0,0.0,0.0
10.3,ASCENT,0.0,0.0,264.59245565906167,45.43016313389846,0.0,0.0,45.43016313389846,6371264.592455659,0.0,0.0,7600000.0,1.0,0.0,0.0,0.0,0.0,0.0,0.0,0.0,0.0
10.35,ASCENT,0.0,0.0,266.8758836882189,45.66856058618068,0.0,0.0,45.66856058618068,6371266.875883688,0.0,0.0,7600000.0,1.0,0.0,0.0,0.0,0.0,0.0,0.0,0.0,0.0
10.4,ASCENT,0.0,0.0,269.17124091181904,45.907144477027316,0.0,0.0,45.907144477027316,6371269.171240912,0.0,0.0,7600000.0,1.0,0.0,0.0,0.0,0.0,0.0,0.0,0.0,0.0
10.45,ASCENT,0.0,0.0,271.47853665519506,46.14591487091161,0.0,0.0,46.14591487091161,6371271.478536655,0.0,0.0,7600000.0,1.0,0.0,0.0,0.0,0.0,0.0,0.0,0.0,0.0
10.5,ASCENT,0.0,0.0,273.79778024647385,46.384871832333474,0.0,0.0,46.384871832333474,6371273.7977802465,0.0,0.0,7600000.0,1.0,0.0,0.0,0.0,0.0,0.0,0.0,0.0,0.0
10.55,ASCENT,0.0,0.0,276.1289810175076,46.62401542581981,0.0,0.0,46.62401542581981,6371276.1289810175,0.0,0.0,7600000.0,1.0,0.0,0.0,0.0,0.0,0.0,0.0,0.0,0.0
10.6,ASCENT,0.0,0.0,278.4721483029425,46.86334571592487,0.0,0.0,46.86334571592487,6371278.472148303,0.0,0.0,7600000.0,1.0,0.0,0.0,0.0,0.0,0.0,0.0,0.0,0.0
10.65,ASCENT,0.0,0.0,280.82729144115,47.10286276723055,0.0,0.0,47.10286276723055,6371280.827291441,0.0,0.0,7600000.0,1.0,0.0,0.0,0.0,0.0,0.0,0.0,0.0,0.0
10.7,ASCENT,0.0,0.0,283.1944197732955,47.342566644346746,0.0,0.0,47.342566644346746,6371283.194419773,0.0,0.0,7600000.0,1.0,0.0,0.0,0.0,0.0,0.0,0.0,0.0,0.0
10.75,ASCENT,0.0,0.0,285.57354264426976,47.58245741191171,0.0,0.0,47.58245741191171,6371285.573542644,0.0,0.0,7600000.0,1.0,0.0,0.0,0.0,0.0,0.0,0.0,0.0,0.0
10.8,ASCENT,0.0,0.0,287.9646694008261,47.82253513459236,0.0,0.0,47.82253513459236,6371287.964669401,0.0,0.0,7600000.0,1.0,0.0,0.0,0.0,0.0,0.0,0.0,0.0,0.0
10.85,ASCENT,0.0,0.0,290.3678093943745,48.06279987708462,0.0,0.0,48.06279987708462,6371290.367809394,0.0,0.0,7600000.0,1.0,0.0,0.0,0.0,0.0,0.0,0.0,0.0,0.0
10.9,ASCENT,0.0,0.0,292.7829719791189,48.3032517041138,0.0,0.0,48.3032517041138,6371292.782971979,0.0,0.0,7600000.0,1.0,0.0,0.0,0.0,0.0,0.0,0.0,0.0,0.0
10.95,ASCENT,0.0,0.0,295.2101665129885,48.54389068043488,0.0,0.0,48.54389068043488,6371295.210166513,0.0,0.0,7600000.0,1.0,0.0,0.0,0.0,0.0,0.0,0.0,0.0,0.0
11.0,ASCENT,0.0,0.0,297.64940235670656,48.7847168708329,0.0,0.0,48.7847168708329,6371297.649402357,0.0,0.0,7600000.0,1.0,0.0,0.0,0.0,0.0,0.0,0.0,0.0,0.0
11.05,ASCENT,0.0,0.0,300.1006888737902,49.0257303401233,0.0,0.0,49.0257303401233,6371300.100688874,0.0,0.0,7600000.0,1.0,0.0,0.0,0.0,0.0,0.0,0.0,0.0,0.0
11.1,ASCENT,0.0,0.0,302.5640354314819,49.26693115315224,0.0,0.0,49.26693115315224,6371302.5640354315,0.0,0.0,7600000.0,1.0,0.0,0.0,0.0,0.0,0.0,0.0,0.0,0.0
11.15,ASCENT,0.0,0.0,305.03945139981806,49.50831937479697,0.0,0.0,49.50831937479697,6371305.0394514,0.0,0.0,7600000.0,1.0,0.0,0.0,0.0,0.0,0.0,0.0,0.0,0.0
11.2,ASCENT,0.0,0.0,307.52694615349174,49.74989506996617,0.0,0.0,49.74989506996617,6371307.5269461535,0.0,0.0,7600000.0,1.0,0.0,0.0,0.0,0.0,0.0,0.0,0.0,0.0
11.25,ASCENT,0.0,0.0,310.0265290690586,49.991658303600325,0.0,0.0,49.991658303600325,6371310.026529069,0.0,0.0,7600000.0,1.0,0.0,0.0,0.0,0.0,0.0,0.0,0.0,0.0
11.3,ASCENT,0.0,0.0,312.5382095258683,50.23360914067204,0.0,0.0,50.23360914067204,6371312.538209526,0.0,0.0,7600000.0,1.0,0.0,0.0,0.0,0.0,0.0,0.0,0.0,0.0
11.35,ASCENT,0.0,0.0,315.0619969079271,50.47574764618641,0.0,0.0,50.47574764618641,6371315.061996908,0.0,0.0,7600000.0,1.0,0.0,0.0,0.0,0.0,0.0,0.0,0.0,0.0
11.4,ASCENT,0.0,0.0,317.5979006020352,50.718073885181404,0.0,0.0,50.718073885181404,6371317.597900602,0.0,0.0,7600000.0,1.0,0.0,0.0,0.0,0.0,0.0,0.0,0.0,0.0
11.45,ASCENT,0.0,0.0,320.1459299977869,50.96058792272816,0.0,0.0,50.96058792272816,6371320.145929998,0.0,0.0,7600000.0,1.0,0.0,0.0,0.0,0.0,0.0,0.0,0.0,0.0
11.5,ASCENT,0.0,0.0,322.70609448943287,51.20328982393139,0.0,0.0,51.20328982393139,6371322.706094489,0.0,0.0,7600000.0,1.0,0.0,0.0,0.0,0.0,0.0,0.0,0.0,0.0
11.55,ASCENT,0.0,0.0,325.27840347215533,51.44617965392974,0.0,0.0,51.44617965392974,6371325.278403472,0.0,0.0,7600000.0,1.0,0.0,0.0,0.0,0.0,0.0,0.0,0.0,0.0
11.6,ASCENT,0.0,0.0,327.862866345793,51.68925747789611,0.0,0.0,51.68925747789611,6371327.862866346,0.0,0.0,7600000.0,1.0,0.0,0.0,0.0,0.0,0.0,0.0,0.0,0.0
11.65,ASCENT,0.0,0.0,330.45949251390994,51.93252336103807,0.0,0.0,51.93252336103807,6371330.459492514,0.0,0.0,7600000.0,1.0,0.0,0.0,0.0,0.0,0.0,0.0,0.0,0.0
11.7,ASCENT,0.0,0.0,333.0682913819328,52.17597736859818,0.0,0.0,52.17597736859818,6371333.068291382,0.0,0.0,7600000.0,1.0,0.0,0.0,0.0,0.0,0.0,0.0,0.0,0.0
11.75,ASCENT,0.0,0.0,335.6892723599449,52.419619565854376,0.0,0.0,52.419619565854376,6371335.68927236,0.0,0.0,7600000.0,1.0,0.0,0.0,0.0,0.0,0.0,0.0,0.0,0.0
11.8,ASCENT,0.0,0.0,338.32244486082345,52.66345001812032,0.0,0.0,52.66345001812032,6371338.322444861,0.0,0.0,7600000.0,1.0,0.0,0.0,0.0,0.0,0.0,0.0,0.0,0.0
11.85,ASCENT,0.0,0.0,340.96781830023974,52.907468790745796,0.0,0.0,52.907468790745796,6371340.9678183,0.0,0.0,7600000.0,1.0,0.0,0.0,0.0,0.0,0.0,0.0,0.0,0.0
11.9,ASCENT,0.0,0.0,343.62540209759027,53.151675949117035,0.0,0.0,53.151675949117035,6371343.625402098,0.0,0.0,7600000.0,1.0,0.0,0.0,0.0,0.0,0.0,0.0,0.0,0.0
11.95,ASCENT,0.0,0.0,346.2952056750655,53.39607155865714,0.0,0.0,53.39607155865714,6371346.295205675,0.0,0.0,7600000.0,1.0,0.0,0.0,0.0,0.0,0.0,0.0,0.0,0.0
12.0,ASCENT,0.0,0.0,348.9772384595126,53.640655684826406,0.0,0.0,53.640655684826406,6371348.9772384595,0.0,0.0,7600000.0,1.0,0.0,0.0,0.0,0.0,0.0,0.0,0.0,0.0
12.05,ASCENT,0.0,0.0,351.6715098787099,53.88542839312272,0.0,0.0,53.88542839312272,6371351.671509879,0.0,0.0,7600000.0,1.0,0.0,0.0,0.0,0.0,0.0,0.0,0.0,0.0
12.1,ASCENT,0.0,0.0,354.37802936602384,54.13038974908194,0.0,0.0,54.13038974908194,6371354.378029366,0.0,0.0,7600000.0,1.0,0.0,0.0,0.0,0.0,0.0,0.0,0.0,0.0
12.15,ASCENT,0.0,0.0,357.0968063566834,54.37553981827825,0.0,0.0,54.37553981827825,6371357.096806357,0.0,0.0,7600000.0,1.0,0.0,0.0,0.0,0.0,0.0,0.0,0.0,0.0
12.2,ASCENT,0.0,0.0,359.8278502896428,54.62087866632454,0.0,0.0,54.62087866632454,6371359.82785029,0.0,0.0,7600000.0,1.0,0.0,0.0,0.0,0.0,0.0,0.0,0.0,0.0
12.25,ASCENT,0.0,0.0,362.57117060758173,54.86640635887281,0.0,0.0,54.86640635887281,6371362.571170608,0.0,0.0,7600000.0,1.0,0.0,0.0,0.0,0.0,0.0,0.0,0.0,0.0
12.3,ASCENT,0.0,0.0,365.3267767559737,55.11212296161451,0.0,0.0,55.11212296161451,6371365.326776756,0.0,0.0,7600000.0,1.0,0.0,0.0,0.0,0.0,0.0,0.0,0.0,0.0
12.35,ASCENT,0.0,0.0,368.0946781830862,55.35802854028096,0.0,0.0,55.35802854028096,6371368.094678183,0.0,0.0,7600000.0,1.0,0.0,0.0,0.0,0.0,0.0,0.0,0.0,0.0
12.4,ASCENT,0.0,0.0,370.8748843409121,55.60412316064371,0.0,0.0,55.60412316064371,6371370.874884341,0.0,0.0,7600000.0,1.0,0.0,0.0,0.0,0.0,0.0,0.0,0.0,0.0
12.45,ASCENT,0.0,0.0,373.66740468516946,55.85040688851491,0.0,0.0,55.85040688851491,6371373.667404685,0.0,0.0,7600000.0,1.0,0.0,0.0,0.0,0.0,0.0,0.0,0.0,0.0
12.5,ASCENT,0.0,0.0,376.47224867437035,56.09687978974773,0.0,0.0,56.09687978974773,6371376.472248674,0.0,0.0,7600000.0,1.0,0.0,0.0,0.0,0.0,0.0,0.0,0.0,0.0
12.55,ASCENT,0.0,0.0,379.28942577075213,56.343541930236725,0.0,0.0,56.343541930236725,6371379.289425771,0.0,0.0,7600000.0,1.0,0.0,0.0,0.0,0.0,0.0,0.0,0.0,0.0
12.6,ASCENT,0.0,0.0,382.11894543934613,56.590393375918225,0.0,0.0,56.590393375918225,6371382.118945439,0.0,0.0,7600000.0,1.0,0.0,0.0,0.0,0.0,0.0,0.0,0.0,0.0
12.65,ASCENT,0.0,0.0,384.960817148909,56.83743419277073,0.0,0.0,56.83743419277073,6371384.960817149,0.0,0.0,7600000.0,1.0,0.0,0.0,0.0,0.0,0.0,0.0,0.0,0.0
12.7,ASCENT,0.0,0.0,387.81505037099123,57.08466444681528,0.0,0.0,57.08466444681528,6371387.815050371,0.0,0.0,7600000.0,1.0,0.0,0.0,0.0,0.0,0.0,0.0,0.0,0.0
12.75,ASCENT,0.0,0.0,390.6816545808688,57.33208420411589,0.0,0.0,57.33208420411589,6371390.681654581,0.0,0.0,7600000.0,1.0,0.0,0.0,0.0,0.0,0.0,0.0,0.0,0.0
12.8,ASCENT,0.0,0.0,393.5606392575428,57.579693530779885,0.0,0.0,57.579693530779885,6371393.560639258,0.0,0.0,7600000.0,1.0,0.0,0.0,0.0,0.0,0.0,0.0,0.0,0.0
12.85,ASCENT,0.0,0.0,396.45201388187706,57.82749249295834,0.0,0.0,57.82749249295834,6371396.452013882,0.0,0.0,7600000.0,1.0,0.0,0.0,0.0,0.0,0.0,0.0,0.0,0.0
12.9,ASCENT,0.0,0.0,399.35578793939203,58.07548115684647,0.0,0.0,58.07548115684647,6371399.355787939,0.0,0.0,7600000.0,1.0,0.0,0.0,0.0,0.0,0.0,0.0,0.0,0.0
12.95,ASCENT,0.0,0.0,402.2719709184021,58.323659588683995,0.0,0.0,58.323659588683995,6371402.271970918,0.0,0.0,7600000.0,1.0,0.0,0.0,0.0,0.0,0.0,0.0,0.0,0.0
13.0,ASCENT,0.0,0.0,405.2005723109469,58.57202785475558,0.0,0.0,58.57202785475558,6371405.200572311,0.0,0.0,7600000.0,1.0,0.0,0.0,0.0,0.0,0.0,0.0,0.0,0.0
13.05,ASCENT,0.0,0.0,408.1416016118601,58.82058602139121,0.0,0.0,58.82058602139121,6371408.141601612,0.0,0.0,7600000.0,1.0,0.0,0.0,0.0,0.0,0.0,0.0,0.0,0.0
